Time,DOAS AIR LOOP HVAC1:DesPer 1:Des Heat Mass Flow [kg/s],DOAS AIR LOOP HVAC1:DesPer 1:Des Heat Cap [W],DOAS AIR LOOP HVAC1:DesPer 1:Des Cool Mass Flow [kg/s],DOAS AIR LOOP HVAC1:DesPer 1:Des Sens Cool Cap [W],DOAS AIR LOOP HVAC1:DesPer 1:Des Tot Cool Cap [W],DOAS AIR LOOP HVAC1:DesPer 2:Des Heat Mass Flow [kg/s],DOAS AIR LOOP HVAC1:DesPer 2:Des Heat Cap [W],DOAS AIR LOOP HVAC1:DesPer 2:Des Cool Mass Flow [kg/s],DOAS AIR LOOP HVAC1:DesPer 2:Des Sens Cool Cap [W],DOAS AIR LOOP HVAC1:DesPer 2:Des Tot Cool Cap [W],DOAS AIR LOOP HVAC1:DesPer 3:Des Heat Mass Flow [kg/s],DOAS AIR LOOP HVAC1:DesPer 3:Des Heat Cap [W],DOAS AIR LOOP HVAC1:DesPer 3:Des Cool Mass Flow [kg/s],DOAS AIR LOOP HVAC1:DesPer 3:Des Sens Cool Cap [W],DOAS AIR LOOP HVAC1:DesPer 3:Des Tot Cool Cap [W],DOAS AIR LOOP HVAC1:DesPer 4:Des Heat Mass Flow [kg/s],DOAS AIR LOOP HVAC1:DesPer 4:Des Heat Cap [W],DOAS AIR LOOP HVAC1:DesPer 4:Des Cool Mass Flow [kg/s],DOAS AIR LOOP HVAC1:DesPer 4:Des Sens Cool Cap [W],DOAS AIR LOOP HVAC1:DesPer 4:Des Tot Cool Cap [W],DOAS AIR LOOP HVAC1:DesPer 5:Des Heat Mass Flow [kg/s],DOAS AIR LOOP HVAC1:DesPer 5:Des Heat Cap [W],DOAS AIR LOOP HVAC1:DesPer 5:Des Cool Mass Flow [kg/s],DOAS AIR LOOP HVAC1:DesPer 5:Des Sens Cool Cap [W],DOAS AIR LOOP HVAC1:DesPer 5:Des Tot Cool Cap [W],DOAS AIR LOOP HVAC1:DesPer 6:Des Heat Mass Flow [kg/s],DOAS AIR LOOP HVAC1:DesPer 6:Des Heat Cap [W],DOAS AIR LOOP HVAC1:DesPer 6:Des Cool Mass Flow [kg/s],DOAS AIR LOOP HVAC1:DesPer 6:Des Sens Cool Cap [W],DOAS AIR LOOP HVAC1:DesPer 6:Des Tot Cool Cap [W],DOAS AIR LOOP HVAC1:DesPer 7:Des Heat Mass Flow [kg/s],DOAS AIR LOOP HVAC1:DesPer 7:Des Heat Cap [W],DOAS AIR LOOP HVAC1:DesPer 7:Des Cool Mass Flow [kg/s],DOAS AIR LOOP HVAC1:DesPer 7:Des Sens Cool Cap [W],DOAS AIR LOOP HVAC1:DesPer 7:Des Tot Cool Cap [W]
00:10:00,2.315105E-05,3.320171E-01,1.147310E-04,1.490449E+00,2.988547E+00,2.315105E-05,4.576402E-01,6.938607E-05,5.248761E-01,1.680810E+00,2.315105E-05,3.808705E-01,1.173327E-04,1.276651E+00,4.271799E+00,2.315105E-05,3.901759E-01,1.073157E-04,1.124526E+00,3.529399E+00,4.611960E-05,2.484021E+00,2.315105E-05,0.000000E+00,0.000000E+00,2.315105E-05,8.816878E-01,2.315105E-05,0.000000E+00,0.000000E+00,4.344297E-05,2.270010E+00,2.315105E-05,0.000000E+00,0.000000E+00
00:20:00,2.315105E-05,3.339712E-01,1.144377E-04,1.476979E+00,2.971005E+00,2.315105E-05,4.595943E-01,6.934507E-05,5.187127E-01,1.659785E+00,2.315105E-05,3.828246E-01,1.149951E-04,1.241510E+00,4.148571E+00,2.315105E-05,3.921301E-01,9.977806E-05,1.037119E+00,3.272809E+00,4.250039E-05,2.289089E+00,2.315105E-05,0.000000E+00,0.000000E+00,2.315105E-05,8.816878E-01,2.315105E-05,0.000000E+00,0.000000E+00,3.906189E-05,2.041087E+00,2.315105E-05,0.000000E+00,0.000000E+00
00:30:00,2.315105E-05,3.359254E-01,1.141475E-04,1.463599E+00,2.953596E+00,2.315105E-05,4.615484E-01,6.930415E-05,5.125568E-01,1.638854E+00,2.315105E-05,3.847788E-01,1.074387E-04,1.150861E+00,3.840474E+00,2.315105E-05,3.940842E-01,9.143166E-05,9.426466E-01,2.991076E+00,3.665119E-05,1.974049E+00,2.315105E-05,0.000000E+00,0.000000E+00,2.315105E-05,8.816878E-01,2.315105E-05,0.000000E+00,0.000000E+00,3.883368E-05,2.029163E+00,2.315105E-05,0.000000E+00,0.000000E+00
00:40:00,2.315105E-05,3.378795E-01,1.138605E-04,1.450308E+00,2.936319E+00,2.315105E-05,4.635026E-01,6.925745E-05,5.063656E-01,1.617880E+00,2.315105E-05,3.867329E-01,9.985813E-05,1.061231E+00,3.536630E+00,2.315105E-05,3.960383E-01,9.338927E-05,9.549464E-01,3.046983E+00,3.500868E-05,1.885582E+00,2.315105E-05,0.000000E+00,0.000000E+00,2.315105E-05,8.816878E-01,2.315105E-05,0.000000E+00,0.000000E+00,3.967736E-05,2.073247E+00,2.315105E-05,0.000000E+00,0.000000E+00
00:50:00,2.315105E-05,3.398336E-01,1.135766E-04,1.437105E+00,2.919171E+00,2.315105E-05,4.654567E-01,6.921066E-05,5.001815E-01,1.596998E+00,2.315105E-05,3.886871E-01,9.145536E-05,9.642117E-01,3.209036E+00,2.315105E-05,3.979925E-01,9.374760E-05,9.506975E-01,3.050509E+00,3.444625E-05,1.855289E+00,2.315105E-05,0.000000E+00,0.000000E+00,2.315105E-05,8.816878E-01,2.315105E-05,0.000000E+00,0.000000E+00,4.003917E-05,2.092152E+00,2.315105E-05,0.000000E+00,0.000000E+00
01:00:00,2.315105E-05,3.417878E-01,1.132956E-04,1.423986E+00,2.902145E+00,2.315105E-05,4.674108E-01,6.915936E-05,4.939732E-01,1.576109E+00,2.315105E-05,3.906412E-01,9.342353E-05,9.770763E-01,3.247561E+00,2.315105E-05,3.999466E-01,9.410079E-05,9.463364E-01,3.053806E+00,3.515516E-05,1.893472E+00,2.315105E-05,0.000000E+00,0.000000E+00,2.315105E-05,8.816878E-01,2.315105E-05,0.000000E+00,0.000000E+00,4.039204E-05,2.110591E+00,2.315105E-05,0.000000E+00,0.000000E+00
01:10:00,2.315105E-05,3.430905E-01,1.131488E-04,1.415774E+00,2.891858E+00,2.315105E-05,4.687136E-01,6.917223E-05,4.901726E-01,1.563299E+00,2.315105E-05,3.919439E-01,9.391221E-05,9.769027E-01,3.244147E+00,2.315105E-05,4.012494E-01,1.012798E-04,1.012834E+00,3.280903E+00,3.699587E-05,1.992613E+00,2.315105E-05,0.000000E+00,0.000000E+00,2.315105E-05,8.816878E-01,2.315105E-05,0.000000E+00,0.000000E+00,4.076564E-05,2.130112E+00,2.315105E-05,0.000000E+00,0.000000E+00
01:20:00,2.315105E-05,3.443933E-01,1.061415E-04,1.322123E+00,2.706645E+00,2.315105E-05,4.700164E-01,6.918096E-05,4.863415E-01,1.550422E+00,2.315105E-05,3.932467E-01,9.440051E-05,9.766700E-01,3.240555E+00,2.315105E-05,4.025521E-01,1.083871E-04,1.077810E+00,3.504846E+00,3.458677E-05,1.862858E+00,2.315105E-05,0.000000E+00,0.000000E+00,2.315105E-05,8.816878E-01,2.315105E-05,0.000000E+00,0.000000E+00,4.109482E-05,2.147313E+00,2.315105E-05,0.000000E+00,0.000000E+00
01:30:00,2.315105E-05,3.456961E-01,9.910169E-05,1.228857E+00,2.521410E+00,2.315105E-05,4.713191E-01,6.919563E-05,4.825509E-01,1.537704E+00,2.315105E-05,3.945495E-01,1.016335E-04,1.045783E+00,3.466872E+00,2.315105E-05,4.038549E-01,1.164306E-04,1.151243E+00,3.758182E+00,3.526812E-05,1.899556E+00,2.315105E-05,0.000000E+00,0.000000E+00,2.315105E-05,8.816878E-01,2.315105E-05,0.000000E+00,0.000000E+00,4.140008E-05,2.163264E+00,2.315105E-05,0.000000E+00,0.000000E+00
01:40:00,2.315105E-05,3.469988E-01,9.197386E-05,1.135296E+00,2.334754E+00,2.315105E-05,4.726219E-01,6.920469E-05,4.787197E-01,1.524886E+00,2.315105E-05,3.958522E-01,1.088009E-04,1.113412E+00,3.687893E+00,2.315105E-05,4.051576E-01,1.072975E-04,1.054899E+00,3.457150E+00,3.710055E-05,1.998251E+00,2.315105E-05,0.000000E+00,0.000000E+00,2.315105E-05,8.816878E-01,2.315105E-05,0.000000E+00,0.000000E+00,4.168489E-05,2.178146E+00,2.315105E-05,0.000000E+00,0.000000E+00
01:50:00,2.315105E-05,3.483016E-01,8.289659E-05,1.018584E+00,2.099546E+00,2.315105E-05,4.739246E-01,6.922389E-05,4.749572E-01,1.512316E+00,2.315105E-05,3.971550E-01,1.169159E-04,1.189878E+00,3.937798E+00,2.315105E-05,4.064604E-01,9.973487E-05,9.749347E-01,3.207287E+00,3.621532E-05,1.950573E+00,2.315105E-05,0.000000E+00,0.000000E+00,2.315105E-05,8.816878E-01,2.315105E-05,0.000000E+00,0.000000E+00,4.195230E-05,2.192119E+00,2.315105E-05,0.000000E+00,0.000000E+00
02:00:00,2.315105E-05,3.496043E-01,8.726733E-05,1.067379E+00,2.205210E+00,2.315105E-05,4.752274E-01,6.923436E-05,4.711331E-01,1.499579E+00,2.315105E-05,3.984577E-01,1.146887E-04,1.160756E+00,3.838160E+00,2.315105E-05,4.077631E-01,9.218071E-05,8.959036E-01,2.944899E+00,3.585168E-05,1.930987E+00,2.315105E-05,0.000000E+00,0.000000E+00,2.315105E-05,8.816878E-01,2.315105E-05,0.000000E+00,0.000000E+00,4.220411E-05,2.205276E+00,2.315105E-05,0.000000E+00,0.000000E+00
02:10:00,2.315105E-05,3.505814E-01,8.822567E-05,1.075377E+00,2.225611E+00,2.315105E-05,4.762045E-01,6.926274E-05,4.684030E-01,1.490485E+00,2.315105E-05,3.994348E-01,1.140794E-04,1.149776E+00,3.799441E+00,2.315105E-05,4.087402E-01,8.453702E-05,8.180468E-01,2.687349E+00,3.577771E-05,1.927003E+00,2.315105E-05,0.000000E+00,0.000000E+00,2.315105E-05,8.816878E-01,2.315105E-05,0.000000E+00,0.000000E+00,4.244214E-05,2.217714E+00,2.315105E-05,0.000000E+00,0.000000E+00
02:20:00,2.315105E-05,3.515585E-01,9.605633E-05,1.166770E+00,2.418994E+00,2.315105E-05,4.771815E-01,6.928056E-05,4.655996E-01,1.481174E+00,2.315105E-05,4.004119E-01,1.066046E-04,1.069940E+00,3.533388E+00,2.315105E-05,4.097173E-01,8.687336E-05,8.369887E-01,2.747916E+00,3.736225E-05,2.012346E+00,2.315105E-05,0.000000E+00,0.000000E+00,2.315105E-05,8.816878E-01,2.315105E-05,0.000000E+00,0.000000E+00,4.266763E-05,2.229496E+00,2.315105E-05,0.000000E+00,0.000000E+00
02:30:00,2.315105E-05,3.525355E-01,1.036866E-04,1.255078E+00,2.606663E+00,2.315105E-05,4.781586E-01,6.933405E-05,4.630329E-01,1.472631E+00,2.315105E-05,4.013889E-01,9.927043E-05,9.921408E-01,3.274405E+00,2.315105E-05,4.106944E-01,8.741795E-05,8.385463E-01,2.751379E+00,3.717458E-05,2.002239E+00,2.315105E-05,0.000000E+00,0.000000E+00,2.315105E-05,8.816878E-01,2.315105E-05,0.000000E+00,0.000000E+00,4.288142E-05,2.240668E+00,2.315105E-05,0.000000E+00,0.000000E+00
02:40:00,2.315105E-05,3.535126E-01,1.113174E-04,1.342746E+00,2.793683E+00,2.315105E-05,4.791357E-01,6.936171E-05,4.602903E-01,1.463545E+00,2.315105E-05,4.023660E-01,9.098421E-05,9.054857E-01,2.986544E+00,2.315105E-05,4.116714E-01,9.490125E-05,9.063237E-01,2.971991E+00,3.556435E-05,1.915511E+00,2.315105E-05,0.000000E+00,0.000000E+00,2.315105E-05,8.816878E-01,2.315105E-05,0.000000E+00,0.000000E+00,4.308448E-05,2.251278E+00,2.315105E-05,0.000000E+00,0.000000E+00
02:50:00,2.315105E-05,3.544897E-01,1.208402E-04,1.452513E+00,3.027446E+00,2.315105E-05,4.801127E-01,6.941042E-05,4.576841E-01,1.454910E+00,2.315105E-05,4.033431E-01,9.318217E-05,9.234274E-01,3.043824E+00,2.315105E-05,4.126485E-01,1.022579E-04,9.722656E-01,3.186333E+00,3.664480E-05,1.973705E+00,2.315105E-05,0.000000E+00,0.000000E+00,2.315105E-05,8.816878E-01,2.315105E-05,0.000000E+00,0.000000E+00,4.327770E-05,2.261374E+00,2.315105E-05,0.000000E+00,0.000000E+00
03:00:00,2.315105E-05,3.554667E-01,1.168692E-04,1.399849E+00,2.922902E+00,2.315105E-05,4.810898E-01,6.943525E-05,4.549174E-01,1.445780E+00,2.315105E-05,4.043201E-01,9.368654E-05,9.244717E-01,3.045378E+00,2.315105E-05,4.136256E-01,1.095617E-04,1.037086E+00,3.396757E+00,3.833152E-05,2.064552E+00,2.315105E-05,0.000000E+00,0.000000E+00,2.315105E-05,8.816878E-01,2.315105E-05,0.000000E+00,0.000000E+00,4.346189E-05,2.270999E+00,2.315105E-05,0.000000E+00,0.000000E+00
03:10:00,2.315105E-05,3.564438E-01,1.162688E-04,1.387751E+00,2.902857E+00,2.315105E-05,4.820669E-01,6.947683E-05,4.522576E-01,1.437006E+00,2.315105E-05,4.052972E-01,9.419254E-05,9.254895E-01,3.046850E+00,2.315105E-05,4.146026E-01,1.170767E-04,1.103279E+00,3.611440E+00,3.754634E-05,2.022261E+00,2.315105E-05,0.000000E+00,0.000000E+00,2.315105E-05,8.816878E-01,2.315105E-05,0.000000E+00,0.000000E+00,4.363781E-05,2.280191E+00,2.315105E-05,0.000000E+00,0.000000E+00
03:20:00,2.315105E-05,3.574209E-01,1.156272E-04,1.375213E+00,2.881837E+00,2.315105E-05,4.830439E-01,6.949146E-05,4.494200E-01,1.427682E+00,2.315105E-05,4.062743E-01,1.014148E-04,9.921718E-01,3.264373E+00,2.315105E-05,4.155797E-01,1.146378E-04,1.075458E+00,3.518317E+00,3.644363E-05,1.962869E+00,2.315105E-05,0.000000E+00,0.000000E+00,2.315105E-05,8.816878E-01,2.315105E-05,0.000000E+00,0.000000E+00,4.380613E-05,2.288986E+00,2.315105E-05,0.000000E+00,0.000000E+00
03:30:00,2.315105E-05,3.583979E-01,1.151929E-04,1.365186E+00,2.866029E+00,2.315105E-05,4.840210E-01,6.950232E-05,4.465570E-01,1.418295E+00,2.315105E-05,4.072514E-01,1.086019E-04,1.057902E+00,3.478509E+00,2.315105E-05,4.165568E-01,1.071037E-04,1.000258E+00,3.270402E+00,3.675436E-05,1.979605E+00,2.315105E-05,0.000000E+00,0.000000E+00,2.315105E-05,8.816878E-01,2.315105E-05,0.000000E+00,0.000000E+00,4.396748E-05,2.297417E+00,2.315105E-05,0.000000E+00,0.000000E+00
03:40:00,2.315105E-05,3.593750E-01,1.148233E-04,1.355959E+00,2.851864E+00,2.315105E-05,4.849981E-01,6.950292E-05,4.436275E-01,1.408713E+00,2.315105E-05,4.082284E-01,1.167642E-04,1.132484E+00,3.721480E+00,2.315105E-05,4.175338E-01,9.945839E-05,9.246599E-01,3.021487E+00,3.702996E-05,1.994449E+00,2.315105E-05,0.000000E+00,0.000000E+00,2.315105E-05,8.816878E-01,2.315105E-05,0.000000E+00,0.000000E+00,4.412242E-05,2.305513E+00,2.315105E-05,0.000000E+00,0.000000E+00
03:50:00,2.315105E-05,3.603521E-01,1.144909E-04,1.347203E+00,2.838659E+00,2.315105E-05,4.859751E-01,6.951462E-05,4.407684E-01,1.399370E+00,2.315105E-05,4.092055E-01,1.144512E-04,1.105220E+00,3.629691E+00,2.315105E-05,4.185109E-01,9.196864E-05,8.511466E-01,2.779674E+00,3.834882E-05,2.065484E+00,2.315105E-05,0.000000E+00,0.000000E+00,2.315105E-05,8.816878E-01,2.315105E-05,0.000000E+00,0.000000E+00,4.427144E-05,2.313300E+00,2.315105E-05,0.000000E+00,0.000000E+00
04:00:00,2.315105E-05,3.613291E-01,1.141867E-04,1.338804E+00,2.826176E+00,2.315105E-05,4.869522E-01,6.951550E-05,4.378401E-01,1.389824E+00,2.315105E-05,4.101826E-01,1.069479E-04,1.028249E+00,3.374876E+00,2.315105E-05,4.194880E-01,8.433803E-05,7.769678E-01,2.535975E+00,3.754445E-05,2.022160E+00,2.315105E-05,0.000000E+00,0.000000E+00,2.315105E-05,8.816878E-01,2.315105E-05,0.000000E+00,0.000000E+00,4.261027E-05,2.226499E+00,2.315105E-05,0.000000E+00,0.000000E+00
04:10:00,2.315105E-05,3.619805E-01,1.139070E-04,1.332320E+00,2.815968E+00,2.315105E-05,4.876036E-01,6.952113E-05,4.359196E-01,1.383569E+00,2.315105E-05,4.108339E-01,9.938241E-05,9.527147E-01,3.125713E+00,2.315105E-05,4.201393E-01,8.654792E-05,7.948914E-01,2.593495E+00,3.643631E-05,1.962475E+00,2.315105E-05,0.000000E+00,0.000000E+00,2.315105E-05,8.816878E-01,2.315105E-05,0.000000E+00,0.000000E+00,4.134331E-05,2.160297E+00,2.315105E-05,0.000000E+00,0.000000E+00
04:20:00,2.315105E-05,3.626319E-01,1.136482E-04,1.326095E+00,2.806291E+00,2.315105E-05,4.882550E-01,6.952087E-05,4.339619E-01,1.377204E+00,2.315105E-05,4.114853E-01,9.197952E-05,8.791600E-01,2.883243E+00,2.315105E-05,4.207907E-01,8.706195E-05,7.971628E-01,2.599927E+00,3.673470E-05,1.978546E+00,2.315105E-05,0.000000E+00,0.000000E+00,2.315105E-05,8.816878E-01,2.315105E-05,0.000000E+00,0.000000E+00,4.512796E-05,2.358055E+00,2.315105E-05,0.000000E+00,0.000000E+00
04:30:00,2.315105E-05,3.632833E-01,1.134077E-04,1.320097E+00,2.797081E+00,2.315105E-05,4.889063E-01,6.952974E-05,4.320610E-01,1.371026E+00,2.315105E-05,4.121367E-01,8.439478E-05,8.042889E-01,2.636655E+00,2.315105E-05,4.214421E-01,9.450263E-05,8.626328E-01,2.812401E+00,3.701753E-05,1.993780E+00,2.315105E-05,0.000000E+00,0.000000E+00,2.315105E-05,8.816878E-01,2.315105E-05,0.000000E+00,0.000000E+00,5.074316E-05,2.651464E+00,2.315105E-05,0.000000E+00,0.000000E+00
04:40:00,2.315105E-05,3.639347E-01,1.063049E-04,1.234428E+00,2.618834E+00,2.315105E-05,4.895577E-01,6.953187E-05,4.301179E-01,1.364721E+00,2.315105E-05,4.127881E-01,8.670103E-05,8.238282E-01,2.699642E+00,2.315105E-05,4.220935E-01,1.018611E-04,9.269361E-01,3.020918E+00,3.831497E-05,2.063660E+00,2.315105E-05,0.000000E+00,0.000000E+00,2.315105E-05,8.816878E-01,2.315105E-05,0.000000E+00,0.000000E+00,5.567171E-05,2.908994E+00,2.315105E-05,0.000000E+00,0.000000E+00
04:50:00,2.315105E-05,3.645860E-01,9.918179E-05,1.148923E+00,2.440494E+00,2.315105E-05,4.902091E-01,6.953745E-05,4.281959E-01,1.358490E+00,2.315105E-05,4.134394E-01,8.725934E-05,8.266782E-01,2.707915E+00,2.315105E-05,4.227449E-01,1.091806E-04,9.904718E-01,3.226782E+00,3.750698E-05,2.020142E+00,2.315105E-05,0.000000E+00,0.000000E+00,2.315105E-05,8.816878E-01,2.315105E-05,0.000000E+00,0.000000E+00,6.014013E-05,3.142481E+00,2.315105E-05,0.000000E+00,0.000000E+00
05:00:00,2.315105E-05,3.652374E-01,9.203525E-05,1.063548E+00,2.261990E+00,2.315105E-05,4.908605E-01,6.953885E-05,4.262479E-01,1.352184E+00,2.315105E-05,4.140908E-01,9.473778E-05,8.948619E-01,2.930113E+00,2.315105E-05,4.233962E-01,1.166683E-04,1.055116E+00,3.436111E+00,3.639862E-05,1.960445E+00,2.315105E-05,0.000000E+00,0.000000E+00,2.315105E-05,8.816878E-01,2.315105E-05,0.000000E+00,0.000000E+00,6.607838E-05,3.452770E+00,2.315105E-05,0.000000E+00,0.000000E+00
05:10:00,2.315105E-05,3.645860E-01,8.466014E-05,9.807039E-01,2.083170E+00,2.315105E-05,4.902091E-01,6.955043E-05,4.282758E-01,1.358744E+00,2.315105E-05,4.134394E-01,1.021185E-04,9.674508E-01,3.169038E+00,2.315105E-05,4.227449E-01,1.143350E-04,1.037231E+00,3.379116E+00,3.668941E-05,1.976107E+00,2.315105E-05,0.000000E+00,0.000000E+00,2.315105E-05,8.816878E-01,2.315105E-05,0.000000E+00,0.000000E+00,7.133341E-05,3.727359E+00,2.315105E-05,0.000000E+00,0.000000E+00
05:20:00,2.315105E-05,3.639347E-01,8.710648E-05,1.011493E+00,2.145878E+00,2.315105E-05,4.895577E-01,6.955991E-05,4.302913E-01,1.365271E+00,2.315105E-05,4.127881E-01,1.094474E-04,1.039963E+00,3.407903E+00,2.315105E-05,4.220935E-01,1.068334E-04,9.721837E-01,3.168381E+00,3.698128E-05,1.991827E+00,2.315105E-05,0.000000E+00,0.000000E+00,3.466429E-05,1.320160E+00,2.315105E-05,0.000000E+00,0.000000E+00,7.128114E-05,3.724628E+00,2.315105E-05,0.000000E+00,0.000000E+00
05:30:00,2.315105E-05,3.632833E-01,8.781504E-05,1.022192E+00,2.165866E+00,2.315105E-05,4.889063E-01,6.957607E-05,4.323489E-01,1.371939E+00,2.315105E-05,4.121367E-01,1.169847E-04,1.114873E+00,3.654826E+00,2.315105E-05,4.214421E-01,9.922378E-05,9.057281E-01,2.952902E+00,3.826085E-05,2.060745E+00,2.315105E-05,0.000000E+00,0.000000E+00,4.788121E-05,1.823515E+00,2.315105E-05,0.000000E+00,0.000000E+00,6.916830E-05,3.614227E+00,2.315105E-05,0.000000E+00,0.000000E+00
05:40:00,2.315105E-05,3.626319E-01,9.542468E-05,1.113455E+00,2.356302E+00,2.315105E-05,4.882550E-01,6.959135E-05,4.344018E-01,1.378600E+00,2.315105E-05,4.114853E-01,1.146438E-04,1.095790E+00,3.593692E+00,2.315105E-05,4.207907E-01,9.187487E-05,8.412312E-01,2.743655E+00,3.745219E-05,2.017191E+00,2.315105E-05,0.000000E+00,0.000000E+00,6.036671E-05,2.299014E+00,2.315105E-05,0.000000E+00,0.000000E+00,6.406050E-05,3.347331E+00,2.315105E-05,0.000000E+00,0.000000E+00
05:50:00,2.315105E-05,3.619805E-01,1.028984E-04,1.203556E+00,2.543815E+00,2.315105E-05,4.876036E-01,6.961636E-05,4.365167E-01,1.385464E+00,2.315105E-05,4.108339E-01,1.140613E-04,1.093432E+00,3.587385E+00,2.315105E-05,4.201393E-01,8.464281E-05,7.773940E-01,2.536407E+00,3.634532E-05,1.957574E+00,2.315105E-05,0.000000E+00,0.000000E+00,7.230268E-05,2.753585E+00,2.315105E-05,0.000000E+00,0.000000E+00,5.858676E-05,3.061313E+00,2.315105E-05,0.000000E+00,0.000000E+00
06:00:00,2.315105E-05,3.613291E-01,1.103454E-04,1.293766E+00,2.731102E+00,2.315105E-05,4.869522E-01,6.963961E-05,4.386219E-01,1.392305E+00,2.315105E-05,4.101826E-01,1.065757E-04,1.024671E+00,3.363133E+00,2.315105E-05,4.194880E-01,7.747454E-05,7.137376E-01,2.329595E+00,3.663182E-05,1.973005E+00,2.315105E-05,0.000000E+00,0.000000E+00,7.665706E-05,2.919418E+00,2.315105E-05,0.000000E+00,0.000000E+00,5.239656E-05,2.737859E+00,2.315105E-05,0.000000E+00,0.000000E+00
06:10:00,2.315105E-05,3.590493E-01,1.202826E-04,1.422121E+00,2.989193E+00,2.315105E-05,4.846724E-01,7.812715E-05,4.997739E-01,1.587105E+00,2.315105E-05,4.079027E-01,1.065593E-04,1.035007E+00,3.401845E+00,2.315105E-05,4.172081E-01,7.844508E-05,7.304037E-01,2.387179E+00,3.091844E-05,1.665280E+00,2.315105E-05,0.000000E+00,0.000000E+00,7.020047E-05,2.673525E+00,2.315105E-05,0.000000E+00,0.000000E+00,4.636717E-05,2.422808E+00,2.315105E-05,0.000000E+00,0.000000E+00
06:20:00,2.315105E-05,3.567695E-01,1.204338E-04,1.435769E+00,3.005108E+00,2.315105E-05,4.823926E-01,8.806532E-05,5.720200E-01,1.817407E+00,2.315105E-05,4.056229E-01,1.085834E-04,1.065360E+00,3.506604E+00,2.315105E-05,4.149283E-01,8.802754E-05,8.282948E-01,2.710786E+00,2.490243E-05,1.341256E+00,2.315105E-05,0.000000E+00,0.000000E+00,6.087202E-05,2.318259E+00,2.315105E-05,0.000000E+00,0.000000E+00,4.044850E-05,2.113541E+00,2.315105E-05,0.000000E+00,0.000000E+00
06:30:00,2.315105E-05,3.544897E-01,1.223441E-04,1.470591E+00,3.065125E+00,2.315105E-05,4.801127E-01,9.819695E-05,6.474991E-01,2.058303E+00,2.315105E-05,4.033431E-01,1.109708E-04,1.099711E+00,3.624895E+00,2.315105E-05,4.126485E-01,9.795686E-05,9.313711E-01,3.052313E+00,2.315105E-05,1.246925E+00,2.315105E-05,0.000000E+00,0.000000E+00,5.191153E-05,1.977006E+00,2.315105E-05,0.000000E+00,0.000000E+00,3.464763E-05,1.810430E+00,2.315105E-05,0.000000E+00,0.000000E+00
06:40:00,2.315105E-05,3.522098E-01,1.242479E-04,1.505710E+00,3.125360E+00,2.315105E-05,4.778329E-01,1.081990E-04,7.241065E-01,2.303145E+00,2.315105E-05,4.010633E-01,1.133799E-04,1.134750E+00,3.745848E+00,2.315105E-05,4.103687E-01,1.077340E-04,1.034941E+00,3.396454E+00,2.315105E-05,1.246925E+00,2.315105E-05,0.000000E+00,0.000000E+00,4.376884E-05,1.666899E+00,2.315105E-05,0.000000E+00,0.000000E+00,3.243986E-05,1.695069E+00,2.315105E-05,0.000000E+00,0.000000E+00
06:50:00,2.315105E-05,3.499300E-01,1.263360E-04,1.543456E+00,3.190639E+00,2.315105E-05,4.755531E-01,1.180442E-04,8.016185E-01,2.551255E+00,2.315105E-05,3.987834E-01,1.158218E-04,1.170595E+00,3.869874E+00,2.315105E-05,4.080888E-01,1.174536E-04,1.139878E+00,3.746103E+00,2.315105E-05,1.246925E+00,2.315105E-05,0.000000E+00,0.000000E+00,3.183288E-05,1.212328E+00,2.315105E-05,0.000000E+00,0.000000E+00,3.098060E-05,1.618818E+00,2.315105E-05,0.000000E+00,0.000000E+00
07:00:00,2.315105E-05,3.476502E-01,1.285000E-04,1.582548E+00,3.258263E+00,2.315105E-05,4.732732E-01,1.278709E-04,8.809421E-01,2.805554E+00,2.315105E-05,3.965036E-01,1.251841E-04,1.277546E+00,4.229736E+00,2.315105E-05,4.058090E-01,1.271589E-04,1.246590E+00,4.093398E+00,2.315105E-05,1.246925E+00,2.315105E-05,0.000000E+00,0.000000E+00,2.315105E-05,8.816878E-01,2.315105E-05,0.000000E+00,0.000000E+00,3.050103E-05,1.593760E+00,2.315105E-05,0.000000E+00,0.000000E+00
07:10:00,2.315105E-05,3.421135E-01,1.284296E-04,1.612396E+00,3.287962E+00,2.315105E-05,4.677365E-01,1.291117E-04,9.203682E-01,2.936273E+00,2.315105E-05,3.909669E-01,1.272854E-04,1.329432E+00,4.417737E+00,2.315105E-05,4.002723E-01,1.287656E-04,1.293136E+00,4.176896E+00,2.315105E-05,1.246925E+00,2.315105E-05,0.000000E+00,0.000000E+00,2.315105E-05,8.816878E-01,2.315105E-05,0.000000E+00,0.000000E+00,2.834013E-05,1.480847E+00,2.315105E-05,0.000000E+00,0.000000E+00
07:20:00,2.315105E-05,3.365767E-01,1.283498E-04,1.642089E+00,3.317383E+00,2.315105E-05,4.621998E-01,1.288991E-04,9.496803E-01,3.035772E+00,2.315105E-05,3.854302E-01,1.274419E-04,1.361545E+00,4.541501E+00,2.315105E-05,3.947356E-01,1.286765E-04,1.323015E+00,4.205762E+00,2.315105E-05,1.246925E+00,2.315105E-05,0.000000E+00,0.000000E+00,2.315105E-05,8.816878E-01,2.315105E-05,0.000000E+00,0.000000E+00,2.315878E-05,1.210107E+00,2.315105E-05,0.000000E+00,0.000000E+00
07:30:00,2.315105E-05,3.310400E-01,1.282737E-04,1.671793E+00,3.346861E+00,2.315105E-05,4.566631E-01,1.283828E-04,9.765796E-01,3.128541E+00,2.315105E-05,3.798934E-01,1.273058E-04,1.390537E+00,4.656056E+00,2.315105E-05,3.891989E-01,1.283657E-04,1.350518E+00,4.227278E+00,2.315105E-05,1.246925E+00,2.315105E-05,0.000000E+00,0.000000E+00,2.315105E-05,8.816878E-01,2.315105E-05,0.000000E+00,0.000000E+00,2.315105E-05,1.209704E+00,2.315105E-05,0.000000E+00,0.000000E+00
07:40:00,2.315105E-05,3.255033E-01,1.282059E-04,1.701570E+00,3.376520E+00,2.315105E-05,4.511264E-01,1.280048E-04,1.004317E+00,3.224976E+00,2.315105E-05,3.743567E-01,1.272086E-04,1.419898E+00,4.773026E+00,2.315105E-05,3.836621E-01,1.281524E-04,1.378923E+00,4.251882E+00,2.315105E-05,1.246925E+00,2.315105E-05,0.000000E+00,0.000000E+00,2.315105E-05,8.816878E-01,2.315105E-05,0.000000E+00,0.000000E+00,2.315105E-05,1.209704E+00,2.315105E-05,0.000000E+00,0.000000E+00
07:50:00,2.315105E-05,3.199666E-01,1.281481E-04,1.731450E+00,3.406411E+00,2.315105E-05,4.455896E-01,1.276794E-04,1.032300E+00,3.323192E+00,2.315105E-05,3.688200E-01,1.271319E-04,1.449446E+00,4.891830E+00,2.315105E-05,3.781254E-01,1.279762E-04,1.407634E+00,4.277617E+00,2.315105E-05,1.246925E+00,2.315105E-05,0.000000E+00,0.000000E+00,2.315105E-05,8.816878E-01,2.315105E-05,0.000000E+00,0.000000E+00,2.315105E-05,1.209704E+00,2.315105E-05,0.000000E+00,0.000000E+00
08:00:00,2.315105E-05,3.144299E-01,1.281004E-04,1.761443E+00,3.436549E+00,2.315105E-05,4.400529E-01,1.273907E-04,1.060432E+00,3.422897E+00,2.315105E-05,3.632833E-01,1.270650E-04,1.479072E+00,5.012116E+00,2.315105E-05,3.725887E-01,1.278227E-04,1.436514E+00,4.304030E+00,2.315105E-05,1.246925E+00,2.315105E-05,0.000000E+00,0.000000E+00,2.315105E-05,8.816878E-01,2.315105E-05,0.000000E+00,0.000000E+00,2.315105E-05,1.209704E+00,2.315105E-05,0.000000E+00,0.000000E+00
08:10:00,2.315105E-05,3.082418E-01,1.280589E-04,1.795101E+00,3.470521E+00,2.315105E-05,4.338648E-01,1.271296E-04,1.092239E+00,3.536725E+00,2.315105E-05,3.570952E-01,1.270041E-04,1.512310E+00,5.148450E+00,2.315105E-05,3.664006E-01,1.276849E-04,1.469095E+00,4.334608E+00,2.315105E-05,1.246925E+00,2.315105E-05,0.000000E+00,0.000000E+00,2.315105E-05,8.816878E-01,2.315105E-05,0.000000E+00,0.000000E+00,2.315105E-05,1.209704E+00,2.315105E-05,0.000000E+00,0.000000E+00
08:20:00,2.315105E-05,3.020537E-01,1.280230E-04,1.828817E+00,3.504624E+00,2.315105E-05,4.276767E-01,1.268927E-04,1.124121E+00,3.652086E+00,2.315105E-05,3.509071E-01,1.269488E-04,1.545585E+00,5.286480E+00,2.315105E-05,3.602125E-01,1.275616E-04,1.501773E+00,4.365605E+00,2.315105E-05,1.246925E+00,2.315105E-05,0.000000E+00,0.000000E+00,2.315105E-05,8.816878E-01,2.315105E-05,0.000000E+00,0.000000E+00,2.315105E-05,1.209704E+00,2.315105E-05,0.000000E+00,0.000000E+00
08:30:00,2.315105E-05,2.958656E-01,1.279924E-04,1.862592E+00,3.538855E+00,2.315105E-05,4.214886E-01,1.266769E-04,1.156069E+00,3.768976E+00,2.315105E-05,3.447190E-01,1.268989E-04,1.578896E+00,5.426230E+00,2.315105E-05,3.540244E-01,1.274511E-04,1.534538E+00,4.396976E+00,2.315105E-05,1.246925E+00,2.315105E-05,0.000000E+00,0.000000E+00,2.315105E-05,8.816878E-01,2.315105E-05,0.000000E+00,0.000000E+00,2.315105E-05,1.209704E+00,2.315105E-05,0.000000E+00,0.000000E+00
08:40:00,2.315105E-05,2.896775E-01,1.279667E-04,1.896422E+00,3.573203E+00,2.315105E-05,4.153005E-01,1.264799E-04,1.188078E+00,3.887396E+00,2.315105E-05,3.385309E-01,1.268539E-04,1.612244E+00,5.567720E+00,2.315105E-05,3.478363E-01,1.273517E-04,1.567382E+00,4.428672E+00,2.315105E-05,1.246925E+00,2.315105E-05,0.000000E+00,0.000000E+00,2.315105E-05,8.816878E-01,2.315105E-05,0.000000E+00,0.000000E+00,2.315105E-05,1.209704E+00,2.315105E-05,0.000000E+00,0.000000E+00
08:50:00,2.315105E-05,2.834894E-01,1.279455E-04,1.930307E+00,3.607668E+00,2.315105E-05,4.091124E-01,1.262997E-04,1.220145E+00,4.007351E+00,2.315105E-05,3.323428E-01,1.268135E-04,1.645627E+00,5.710975E+00,2.315105E-05,3.416482E-01,1.272624E-04,1.600299E+00,4.460668E+00,2.315105E-05,1.246925E+00,2.315105E-05,0.000000E+00,0.000000E+00,2.315105E-05,8.816878E-01,2.315105E-05,0.000000E+00,0.000000E+00,2.315105E-05,1.209704E+00,2.315105E-05,0.000000E+00,0.000000E+00
09:00:00,2.315105E-05,2.773013E-01,1.279285E-04,1.964245E+00,3.642239E+00,2.315105E-05,4.029243E-01,1.261347E-04,1.252266E+00,4.128850E+00,2.315105E-05,3.261547E-01,1.267775E-04,1.679046E+00,5.856021E+00,2.315105E-05,3.354601E-01,1.271822E-04,1.633285E+00,4.492934E+00,2.315105E-05,1.246925E+00,2.315105E-05,0.000000E+00,0.000000E+00,2.315105E-05,8.816878E-01,2.315105E-05,0.000000E+00,0.000000E+00,2.315105E-05,1.209704E+00,2.315105E-05,0.000000E+00,0.000000E+00
09:10:00,2.315105E-05,2.717646E-01,1.279137E-04,1.994609E+00,3.673175E+00,2.315105E-05,3.973876E-01,1.259815E-04,1.280874E+00,4.196826E+00,2.315105E-05,3.206180E-01,1.267437E-04,1.708910E+00,5.987100E+00,2.315105E-05,3.299234E-01,1.271084E-04,1.662737E+00,4.521697E+00,2.315105E-05,1.246925E+00,2.315105E-05,0.000000E+00,0.000000E+00,2.315105E-05,8.816878E-01,2.315105E-05,0.000000E+00,0.000000E+00,2.315105E-05,1.209704E+00,2.315105E-05,0.000000E+00,0.000000E+00
09:20:00,2.315105E-05,2.662278E-01,1.279008E-04,2.024997E+00,3.704160E+00,2.315105E-05,3.918509E-01,1.258388E-04,1.309518E+00,4.223140E+00,2.315105E-05,3.150812E-01,1.267120E-04,1.738786E+00,6.119589E+00,2.315105E-05,3.243867E-01,1.270395E-04,1.692217E+00,4.550596E+00,2.315105E-05,1.246925E+00,2.315105E-05,0.000000E+00,0.000000E+00,2.315105E-05,8.816878E-01,2.315105E-05,0.000000E+00,0.000000E+00,2.315105E-05,1.209704E+00,2.315105E-05,0.000000E+00,0.000000E+00
09:30:00,2.315105E-05,2.606911E-01,1.278897E-04,2.055405E+00,3.735187E+00,2.315105E-05,3.863142E-01,1.257054E-04,1.338193E+00,4.249703E+00,2.315105E-05,3.095445E-01,1.266821E-04,1.768673E+00,6.253504E+00,2.315105E-05,3.188499E-01,1.269750E-04,1.721726E+00,4.579621E+00,2.315105E-05,1.246925E+00,2.315105E-05,0.000000E+00,0.000000E+00,2.315105E-05,8.816878E-01,2.315105E-05,0.000000E+00,0.000000E+00,2.315105E-05,1.209704E+00,2.315105E-05,0.000000E+00,0.000000E+00
09:40:00,2.315105E-05,2.551544E-01,1.278801E-04,2.085835E+00,3.766257E+00,2.315105E-05,3.807775E-01,1.255803E-04,1.366895E+00,4.276482E+00,2.315105E-05,3.040078E-01,1.266540E-04,1.798571E+00,6.388859E+00,2.315105E-05,3.133132E-01,1.269148E-04,1.751261E+00,4.608770E+00,2.315105E-05,1.246925E+00,2.315105E-05,0.000000E+00,0.000000E+00,2.315105E-05,8.816878E-01,2.315105E-05,0.000000E+00,0.000000E+00,2.315105E-05,1.209704E+00,2.315105E-05,0.000000E+00,0.000000E+00
09:50:00,2.315105E-05,2.496177E-01,1.278719E-04,2.116282E+00,3.797362E+00,2.315105E-05,3.752407E-01,1.254637E-04,1.395631E+00,4.303489E+00,2.315105E-05,2.984711E-01,1.266275E-04,1.828478E+00,6.525670E+00,2.315105E-05,3.077765E-01,1.268584E-04,1.780823E+00,4.638028E+00,2.315105E-05,1.246925E+00,2.315105E-05,0.000000E+00,0.000000E+00,2.315105E-05,8.816878E-01,2.315105E-05,0.000000E+00,0.000000E+00,2.315105E-05,1.209704E+00,2.315105E-05,0.000000E+00,0.000000E+00
10:00:00,2.315105E-05,2.440810E-01,1.278650E-04,2.146749E+00,3.828504E+00,2.315105E-05,3.697040E-01,1.253545E-04,1.424396E+00,4.330695E+00,2.315105E-05,2.929344E-01,1.266025E-04,1.858395E+00,6.663954E+00,2.315105E-05,3.022398E-01,1.268056E-04,1.810408E+00,4.667392E+00,2.315105E-05,1.246925E+00,2.315105E-05,0.000000E+00,0.000000E+00,2.315105E-05,8.816878E-01,2.315105E-05,0.000000E+00,0.000000E+00,2.315105E-05,1.209704E+00,2.315105E-05,0.000000E+00,0.000000E+00
10:10:00,2.315105E-05,2.391956E-01,1.278594E-04,2.173635E+00,3.855990E+00,2.315105E-05,3.648187E-01,1.252519E-04,1.449661E+00,4.354438E+00,2.315105E-05,2.880490E-01,1.265789E-04,1.884760E+00,6.787063E+00,2.315105E-05,2.973544E-01,1.267561E-04,1.836448E+00,4.693168E+00,2.315105E-05,1.246925E+00,2.315105E-05,0.000000E+00,0.000000E+00,2.315105E-05,8.816878E-01,2.315105E-05,0.000000E+00,0.000000E+00,2.315105E-05,1.209704E+00,2.315105E-05,0.000000E+00,0.000000E+00
10:20:00,2.315105E-05,2.343103E-01,1.278549E-04,2.200538E+00,3.883511E+00,2.315105E-05,3.599333E-01,1.251552E-04,1.474952E+00,4.378343E+00,2.315105E-05,2.831637E-01,1.265567E-04,1.911135E+00,6.911357E+00,2.315105E-05,2.924691E-01,1.267095E-04,1.862513E+00,4.719036E+00,2.315105E-05,1.246925E+00,2.315105E-05,0.000000E+00,0.000000E+00,2.315105E-05,8.816878E-01,2.315105E-05,0.000000E+00,0.000000E+00,2.315105E-05,1.209704E+00,2.315105E-05,0.000000E+00,0.000000E+00
10:30:00,2.315105E-05,2.294249E-01,1.278515E-04,2.227459E+00,3.911061E+00,2.315105E-05,3.550480E-01,1.250639E-04,1.500267E+00,4.402395E+00,2.315105E-05,2.782783E-01,1.265358E-04,1.937521E+00,7.036850E+00,2.315105E-05,2.875838E-01,1.266658E-04,1.888599E+00,4.744988E+00,2.315105E-05,1.246925E+00,2.315105E-05,0.000000E+00,0.000000E+00,2.315105E-05,8.816878E-01,2.315105E-05,0.000000E+00,0.000000E+00,2.315105E-05,1.209704E+00,2.315105E-05,0.000000E+00,0.000000E+00
10:40:00,2.315105E-05,2.245396E-01,1.278492E-04,2.254397E+00,3.938645E+00,2.315105E-05,3.501626E-01,1.249777E-04,1.525605E+00,4.426588E+00,2.315105E-05,2.733930E-01,1.265163E-04,1.963919E+00,7.163558E+00,2.315105E-05,2.826984E-01,1.266247E-04,1.914706E+00,4.771021E+00,2.315105E-05,1.246925E+00,2.315105E-05,0.000000E+00,0.000000E+00,2.315105E-05,8.816878E-01,2.315105E-05,0.000000E+00,0.000000E+00,2.315105E-05,1.209704E+00,2.315105E-05,0.000000E+00,0.000000E+00
10:50:00,2.315105E-05,2.196542E-01,1.278479E-04,2.281353E+00,3.966260E+00,2.315105E-05,3.452773E-01,1.248952E-04,1.550954E+00,4.450877E+00,2.315105E-05,2.685077E-01,1.264979E-04,1.990328E+00,7.291495E+00,2.315105E-05,2.778131E-01,1.265860E-04,1.940834E+00,4.797130E+00,2.315105E-05,1.246925E+00,2.315105E-05,0.000000E+00,0.000000E+00,2.315105E-05,8.816878E-01,2.315105E-05,0.000000E+00,0.000000E+00,2.315105E-05,1.209704E+00,2.315105E-05,0.000000E+00,0.000000E+00
11:00:00,2.315105E-05,2.147689E-01,1.278476E-04,2.308327E+00,3.993906E+00,2.315105E-05,3.403920E-01,1.248164E-04,1.576315E+00,4.475264E+00,2.315105E-05,2.636223E-01,1.264809E-04,2.016750E+00,7.420679E+00,2.315105E-05,2.729277E-01,1.265498E-04,1.966982E+00,4.823309E+00,2.315105E-05,1.246925E+00,2.315105E-05,0.000000E+00,0.000000E+00,2.315105E-05,8.816878E-01,2.315105E-05,0.000000E+00,0.000000E+00,2.315105E-05,1.209704E+00,2.315105E-05,0.000000E+00,0.000000E+00
11:10:00,2.315105E-05,2.115120E-01,1.278479E-04,2.326318E+00,4.012350E+00,2.315105E-05,3.371351E-01,1.247400E-04,1.592898E+00,4.490640E+00,2.315105E-05,2.603654E-01,1.264638E-04,2.034269E+00,7.507119E+00,2.315105E-05,2.696708E-01,1.265144E-04,1.984231E+00,4.840328E+00,2.315105E-05,1.246925E+00,2.315105E-05,0.000000E+00,0.000000E+00,2.315105E-05,8.816878E-01,2.315105E-05,0.000000E+00,0.000000E+00,2.315105E-05,1.209704E+00,2.315105E-05,0.000000E+00,0.000000E+00
11:20:00,2.315105E-05,2.082551E-01,1.278486E-04,2.344317E+00,4.030809E+00,2.315105E-05,3.338782E-01,1.246657E-04,1.609487E+00,4.506073E+00,2.315105E-05,2.571085E-01,1.264467E-04,2.051781E+00,7.594081E+00,2.315105E-05,2.664139E-01,1.264799E-04,2.001483E+00,4.857367E+00,2.315105E-05,1.246925E+00,2.315105E-05,0.000000E+00,0.000000E+00,2.315105E-05,8.816878E-01,2.315105E-05,0.000000E+00,0.000000E+00,2.315105E-05,1.209704E+00,2.315105E-05,0.000000E+00,0.000000E+00
11:30:00,2.315105E-05,2.049982E-01,1.278496E-04,2.362320E+00,4.049275E+00,2.315105E-05,3.306213E-01,1.245935E-04,1.626083E+00,4.521559E+00,2.315105E-05,2.538516E-01,1.264306E-04,2.069307E+00,7.681635E+00,2.315105E-05,2.631570E-01,1.264462E-04,2.018738E+00,4.874428E+00,3.420501E-05,1.842296E+00,2.315105E-05,0.000000E+00,0.000000E+00,2.315105E-05,8.816878E-01,2.315105E-05,0.000000E+00,0.000000E+00,2.315105E-05,1.209704E+00,2.315105E-05,0.000000E+00,0.000000E+00
11:40:00,2.315105E-05,2.017413E-01,1.278506E-04,2.380326E+00,4.067745E+00,2.315105E-05,3.273644E-01,1.245233E-04,1.642684E+00,4.537096E+00,2.315105E-05,2.505947E-01,1.264155E-04,2.086845E+00,7.769783E+00,2.315105E-05,2.599002E-01,1.264146E-04,2.036018E+00,4.891562E+00,4.722096E-05,2.543341E+00,2.315105E-05,0.000000E+00,0.000000E+00,2.315105E-05,8.816878E-01,2.315105E-05,0.000000E+00,0.000000E+00,2.315105E-05,1.209704E+00,2.315105E-05,0.000000E+00,0.000000E+00
11:50:00,2.315105E-05,1.984844E-01,1.278518E-04,2.398334E+00,4.086218E+00,2.315105E-05,3.241075E-01,1.244549E-04,1.659290E+00,4.552679E+00,2.315105E-05,2.473378E-01,1.264012E-04,2.104389E+00,7.858510E+00,2.315105E-05,2.566433E-01,1.263850E-04,2.053321E+00,4.908764E+00,5.952561E-05,3.206074E+00,2.315105E-05,0.000000E+00,0.000000E+00,2.315105E-05,8.816878E-01,2.315105E-05,0.000000E+00,0.000000E+00,2.315105E-05,1.209704E+00,2.315105E-05,0.000000E+00,0.000000E+00
12:00:00,2.315105E-05,1.952275E-01,1.278531E-04,2.416344E+00,4.104695E+00,2.315105E-05,3.208506E-01,1.243883E-04,1.675901E+00,4.568308E+00,2.315105E-05,2.440810E-01,1.263873E-04,2.121939E+00,7.947816E+00,2.315105E-05,2.533864E-01,1.263569E-04,2.070641E+00,4.926015E+00,7.130096E-05,3.840300E+00,2.315105E-05,0.000000E+00,0.000000E+00,2.315105E-05,8.816878E-01,2.315105E-05,0.000000E+00,0.000000E+00,2.315105E-05,1.209704E+00,2.315105E-05,0.000000E+00,0.000000E+00
12:10:00,2.315105E-05,1.926220E-01,1.278550E-04,2.430769E+00,4.119506E+00,2.315105E-05,3.182451E-01,1.243247E-04,1.689037E+00,4.580421E+00,2.315105E-05,2.414754E-01,1.263754E-04,2.135961E+00,8.019599E+00,2.315105E-05,2.507809E-01,1.263315E-04,2.084442E+00,4.939696E+00,7.554856E-05,4.069077E+00,2.315105E-05,0.000000E+00,0.000000E+00,2.315105E-05,8.816878E-01,2.315105E-05,0.000000E+00,0.000000E+00,2.315105E-05,1.209704E+00,2.315105E-05,0.000000E+00,0.000000E+00
12:20:00,2.315105E-05,1.900165E-01,1.278577E-04,2.445210E+00,4.134342E+00,2.315105E-05,3.156396E-01,1.242642E-04,1.702200E+00,4.592630E+00,2.315105E-05,2.388699E-01,1.263652E-04,2.150012E+00,8.091851E+00,2.315105E-05,2.481753E-01,1.263087E-04,2.098281E+00,4.953472E+00,7.353907E-05,3.960845E+00,2.315105E-05,0.000000E+00,0.000000E+00,2.315105E-05,8.816878E-01,2.315105E-05,0.000000E+00,0.000000E+00,2.315105E-05,1.209704E+00,2.315105E-05,0.000000E+00,0.000000E+00
12:30:00,2.315105E-05,1.874110E-01,1.278614E-04,2.459671E+00,4.149213E+00,2.315105E-05,3.130341E-01,1.242067E-04,1.715391E+00,4.604937E+00,2.315105E-05,2.362644E-01,1.263559E-04,2.164073E+00,8.164508E+00,2.315105E-05,2.455698E-01,1.262883E-04,2.112155E+00,4.967339E+00,6.650154E-05,3.581801E+00,2.315105E-05,0.000000E+00,0.000000E+00,2.315105E-05,8.816878E-01,2.315105E-05,0.000000E+00,0.000000E+00,2.315105E-05,1.209704E+00,2.315105E-05,0.000000E+00,0.000000E+00
12:40:00,2.315105E-05,1.848055E-01,1.278663E-04,2.474156E+00,4.164125E+00,2.315105E-05,3.104285E-01,1.241522E-04,1.728611E+00,4.617341E+00,2.315105E-05,2.336589E-01,1.263474E-04,2.178147E+00,8.237580E+00,2.315105E-05,2.429643E-01,1.262690E-04,2.126043E+00,4.981245E+00,5.975837E-05,3.218611E+00,2.315105E-05,0.000000E+00,0.000000E+00,2.315105E-05,8.816878E-01,2.315105E-05,0.000000E+00,0.000000E+00,2.315105E-05,1.209704E+00,2.315105E-05,0.000000E+00,0.000000E+00
12:50:00,2.315105E-05,1.822000E-01,1.278725E-04,2.488667E+00,4.179077E+00,2.315105E-05,3.078230E-01,1.241005E-04,1.741858E+00,4.629840E+00,2.315105E-05,2.310534E-01,1.263401E-04,2.192241E+00,8.311095E+00,2.315105E-05,2.403588E-01,1.262508E-04,2.139946E+00,4.995190E+00,5.296533E-05,2.852735E+00,2.315105E-05,0.000000E+00,0.000000E+00,2.315105E-05,8.816878E-01,2.315105E-05,0.000000E+00,0.000000E+00,2.315105E-05,1.209704E+00,2.315105E-05,0.000000E+00,0.000000E+00
13:00:00,2.315105E-05,1.795944E-01,1.278800E-04,2.503205E+00,4.194075E+00,2.315105E-05,3.052175E-01,1.240518E-04,1.755135E+00,4.642434E+00,2.315105E-05,2.284479E-01,1.263343E-04,2.206357E+00,8.385067E+00,2.315105E-05,2.377533E-01,1.262342E-04,2.153871E+00,5.009191E+00,4.657784E-05,2.508702E+00,2.315105E-05,0.000000E+00,0.000000E+00,2.315105E-05,8.816878E-01,2.315105E-05,0.000000E+00,0.000000E+00,2.315105E-05,1.209704E+00,2.315105E-05,0.000000E+00,0.000000E+00
13:10:00,2.315105E-05,1.779660E-01,1.278882E-04,2.512363E+00,4.203564E+00,2.315105E-05,3.035891E-01,1.240054E-04,1.763202E+00,4.649705E+00,2.315105E-05,2.268194E-01,1.263294E-04,2.215159E+00,8.431410E+00,2.315105E-05,2.361248E-01,1.262188E-04,2.162487E+00,5.017741E+00,4.123679E-05,2.221031E+00,2.315105E-05,0.000000E+00,0.000000E+00,2.315105E-05,8.816878E-01,2.315105E-05,0.000000E+00,0.000000E+00,2.315105E-05,1.209704E+00,2.315105E-05,0.000000E+00,0.000000E+00
13:20:00,2.315105E-05,1.763376E-01,1.278974E-04,2.521539E+00,4.213087E+00,2.315105E-05,3.019606E-01,1.239614E-04,1.771295E+00,4.657055E+00,2.315105E-05,2.251910E-01,1.263251E-04,2.223969E+00,8.477933E+00,2.315105E-05,2.344964E-01,1.262048E-04,2.171123E+00,5.026344E+00,3.737708E-05,2.013145E+00,2.315105E-05,0.000000E+00,0.000000E+00,2.315105E-05,8.816878E-01,2.315105E-05,0.000000E+00,0.000000E+00,3.468037E-05,1.812141E+00,2.315105E-05,0.000000E+00,0.000000E+00
13:30:00,2.315105E-05,1.747091E-01,1.279076E-04,2.530736E+00,4.222646E+00,2.315105E-05,3.003322E-01,1.239197E-04,1.779416E+00,4.664488E+00,2.315105E-05,2.235625E-01,1.263216E-04,2.232793E+00,8.524651E+00,2.315105E-05,2.328679E-01,1.261914E-04,2.179769E+00,5.034968E+00,3.717770E-05,2.002407E+00,2.315105E-05,0.000000E+00,0.000000E+00,2.315105E-05,8.816878E-01,2.315105E-05,0.000000E+00,0.000000E+00,4.788482E-05,2.502109E+00,2.315105E-05,0.000000E+00,0.000000E+00
13:40:00,2.315105E-05,1.730807E-01,1.279189E-04,2.539958E+00,4.232244E+00,2.315105E-05,2.987037E-01,1.238802E-04,1.787563E+00,4.671999E+00,2.315105E-05,2.219341E-01,1.263191E-04,2.241633E+00,8.571584E+00,2.315105E-05,2.312395E-01,1.261788E-04,2.188428E+00,5.043628E+00,3.618631E-05,1.949010E+00,2.315105E-05,0.000000E+00,0.000000E+00,2.315105E-05,8.816878E-01,2.315105E-05,0.000000E+00,0.000000E+00,6.035804E-05,3.153867E+00,2.315105E-05,0.000000E+00,0.000000E+00
13:50:00,2.315105E-05,1.714522E-01,1.279314E-04,2.549205E+00,4.241878E+00,2.315105E-05,2.970753E-01,1.238430E-04,1.795737E+00,4.679591E+00,2.315105E-05,2.203056E-01,1.263177E-04,2.250493E+00,8.618741E+00,2.315105E-05,2.296110E-01,1.261675E-04,2.197105E+00,5.052330E+00,3.581865E-05,1.929207E+00,2.315105E-05,0.000000E+00,0.000000E+00,2.315105E-05,8.816878E-01,2.315105E-05,0.000000E+00,0.000000E+00,7.228570E-05,3.777119E+00,2.315105E-05,0.000000E+00,0.000000E+00
14:00:00,2.315105E-05,1.698238E-01,1.279451E-04,2.558479E+00,4.251560E+00,2.315105E-05,2.954468E-01,1.238080E-04,1.803938E+00,4.687257E+00,2.315105E-05,2.186772E-01,1.263175E-04,2.259375E+00,8.666129E+00,2.315105E-05,2.279826E-01,1.261574E-04,2.205804E+00,5.061084E+00,3.735403E-05,2.011904E+00,2.315105E-05,0.000000E+00,0.000000E+00,2.315105E-05,8.816878E-01,2.315105E-05,0.000000E+00,0.000000E+00,7.665858E-05,4.005614E+00,2.315105E-05,0.000000E+00,0.000000E+00
14:10:00,2.315105E-05,1.698238E-01,1.279595E-04,2.558765E+00,4.252036E+00,2.315105E-05,2.954468E-01,1.237742E-04,1.803446E+00,4.685979E+00,2.315105E-05,2.186772E-01,1.263176E-04,2.259378E+00,8.666139E+00,2.315105E-05,2.279826E-01,1.261478E-04,2.205636E+00,5.060698E+00,3.653915E-05,1.968014E+00,2.315105E-05,0.000000E+00,0.000000E+00,2.315105E-05,8.816878E-01,2.315105E-05,0.000000E+00,0.000000E+00,7.453198E-05,3.894493E+00,2.315105E-05,0.000000E+00,0.000000E+00
14:20:00,2.315105E-05,1.698238E-01,1.279743E-04,2.559062E+00,4.252530E+00,2.315105E-05,2.954468E-01,1.237416E-04,1.802971E+00,4.684744E+00,2.315105E-05,2.186772E-01,1.263187E-04,2.259397E+00,8.666213E+00,2.315105E-05,2.279826E-01,1.261386E-04,2.205476E+00,5.060332E+00,3.449519E-05,1.857926E+00,2.315105E-05,0.000000E+00,0.000000E+00,2.315105E-05,8.816878E-01,2.315105E-05,0.000000E+00,0.000000E+00,6.733955E-05,3.518670E+00,2.315105E-05,0.000000E+00,0.000000E+00
14:30:00,2.315105E-05,1.698238E-01,1.279896E-04,2.559367E+00,4.253036E+00,2.315105E-05,2.954468E-01,1.237101E-04,1.802512E+00,4.683553E+00,2.315105E-05,2.186772E-01,1.263205E-04,2.259430E+00,8.666341E+00,2.315105E-05,2.279826E-01,1.261308E-04,2.205339E+00,5.060017E+00,3.434248E-05,1.849700E+00,2.315105E-05,0.000000E+00,0.000000E+00,2.315105E-05,8.816878E-01,2.315105E-05,0.000000E+00,0.000000E+00,6.046202E-05,3.159300E+00,2.315105E-05,0.000000E+00,0.000000E+00
14:40:00,2.315105E-05,1.698238E-01,1.280052E-04,2.559679E+00,4.253554E+00,2.315105E-05,2.954468E-01,1.236797E-04,1.802069E+00,4.682401E+00,2.315105E-05,2.186772E-01,1.263230E-04,2.259474E+00,8.666508E+00,2.315105E-05,2.279826E-01,1.261240E-04,2.205220E+00,5.059745E+00,3.413509E-05,1.838530E+00,2.315105E-05,0.000000E+00,0.000000E+00,2.315105E-05,8.816878E-01,2.315105E-05,0.000000E+00,0.000000E+00,5.355110E-05,2.798186E+00,2.315105E-05,0.000000E+00,0.000000E+00
14:50:00,2.315105E-05,1.698238E-01,1.280210E-04,2.559996E+00,4.254082E+00,2.315105E-05,2.954468E-01,1.236503E-04,1.801640E+00,4.681287E+00,2.315105E-05,2.186772E-01,1.263259E-04,2.259526E+00,8.666707E+00,2.315105E-05,2.279826E-01,1.261180E-04,2.205116E+00,5.059505E+00,3.283654E-05,1.768590E+00,2.315105E-05,0.000000E+00,0.000000E+00,2.315105E-05,8.816878E-01,2.315105E-05,0.000000E+00,0.000000E+00,4.705634E-05,2.458818E+00,2.315105E-05,0.000000E+00,0.000000E+00
15:00:00,2.315105E-05,1.698238E-01,1.280372E-04,2.560319E+00,4.254618E+00,2.315105E-05,2.954468E-01,1.236218E-04,1.801225E+00,4.680207E+00,2.315105E-05,2.186772E-01,1.263292E-04,2.259585E+00,8.666933E+00,2.315105E-05,2.279826E-01,1.261127E-04,2.205023E+00,5.059291E+00,3.236290E-05,1.743079E+00,2.315105E-05,0.000000E+00,0.000000E+00,2.315105E-05,8.816878E-01,2.315105E-05,0.000000E+00,0.000000E+00,4.162295E-05,2.174909E+00,2.315105E-05,0.000000E+00,0.000000E+00
15:10:00,2.315105E-05,1.717779E-01,1.280530E-04,2.549827E+00,4.244068E+00,2.315105E-05,2.974010E-01,1.235937E-04,1.790383E+00,4.668372E+00,2.315105E-05,2.206313E-01,1.263323E-04,2.248978E+00,8.610280E+00,2.315105E-05,2.299367E-01,1.261075E-04,2.194287E+00,5.048099E+00,3.217575E-05,1.733000E+00,2.315105E-05,0.000000E+00,0.000000E+00,2.315105E-05,8.816878E-01,2.315105E-05,0.000000E+00,0.000000E+00,3.768766E-05,1.969280E+00,2.315105E-05,0.000000E+00,0.000000E+00
15:20:00,2.315105E-05,1.737320E-01,1.280685E-04,2.539326E+00,4.233500E+00,2.315105E-05,2.993551E-01,1.235658E-04,1.779550E+00,4.656553E+00,2.315105E-05,2.225855E-01,1.263353E-04,2.238367E+00,8.553826E+00,2.315105E-05,2.318909E-01,1.261023E-04,2.183553E+00,5.036908E+00,2.991004E-05,1.610967E+00,2.315105E-05,0.000000E+00,0.000000E+00,2.315105E-05,8.816878E-01,2.315105E-05,0.000000E+00,0.000000E+00,3.746683E-05,1.957741E+00,2.315105E-05,0.000000E+00,0.000000E+00
15:30:00,2.315105E-05,1.756862E-01,1.280837E-04,2.528815E+00,4.222919E+00,2.315105E-05,3.013092E-01,1.235382E-04,1.768724E+00,4.644746E+00,2.315105E-05,2.245396E-01,1.263380E-04,2.227751E+00,8.497565E+00,2.315105E-05,2.338450E-01,1.260971E-04,2.172818E+00,5.025716E+00,2.315105E-05,1.246925E+00,2.315105E-05,0.000000E+00,0.000000E+00,2.315105E-05,8.816878E-01,2.315105E-05,0.000000E+00,0.000000E+00,3.645119E-05,1.904671E+00,2.315105E-05,0.000000E+00,0.000000E+00
15:40:00,2.315105E-05,1.776403E-01,1.280983E-04,2.518291E+00,4.212317E+00,2.315105E-05,3.032634E-01,1.235107E-04,1.757905E+00,4.632949E+00,2.315105E-05,2.264937E-01,1.263404E-04,2.217128E+00,8.441491E+00,2.315105E-05,2.357991E-01,1.260917E-04,2.162082E+00,5.014518E+00,2.315105E-05,1.246925E+00,2.315105E-05,0.000000E+00,0.000000E+00,2.315105E-05,8.816878E-01,2.315105E-05,0.000000E+00,0.000000E+00,3.606691E-05,1.884592E+00,2.315105E-05,0.000000E+00,0.000000E+00
15:50:00,2.315105E-05,1.795944E-01,1.281124E-04,2.507754E+00,4.201697E+00,2.315105E-05,3.052175E-01,1.234832E-04,1.747091E+00,4.621157E+00,2.315105E-05,2.284479E-01,1.263423E-04,2.206497E+00,8.385597E+00,2.315105E-05,2.377533E-01,1.260860E-04,2.151343E+00,5.003311E+00,2.315105E-05,1.246925E+00,2.315105E-05,0.000000E+00,0.000000E+00,2.315105E-05,8.816878E-01,2.315105E-05,0.000000E+00,0.000000E+00,3.759209E-05,1.964286E+00,2.315105E-05,0.000000E+00,0.000000E+00
16:00:00,2.315105E-05,1.815486E-01,1.281258E-04,2.497201E+00,4.191048E+00,2.315105E-05,3.071716E-01,1.234556E-04,1.736280E+00,4.609366E+00,2.315105E-05,2.304020E-01,1.263436E-04,2.195856E+00,8.329878E+00,2.315105E-05,2.397074E-01,1.260800E-04,2.140598E+00,4.992091E+00,2.315105E-05,1.246925E+00,2.315105E-05,0.000000E+00,0.000000E+00,2.315105E-05,8.816878E-01,2.315105E-05,0.000000E+00,0.000000E+00,3.675355E-05,1.920470E+00,2.315105E-05,0.000000E+00,0.000000E+00
16:10:00,2.315105E-05,1.841541E-01,1.281402E-04,2.483061E+00,4.176737E+00,2.315105E-05,3.097772E-01,1.234297E-04,1.722024E+00,4.594055E+00,2.315105E-05,2.330075E-01,1.263461E-04,2.181680E+00,8.255957E+00,2.315105E-05,2.423129E-01,1.260753E-04,2.126329E+00,4.977264E+00,2.315105E-05,1.246925E+00,2.315105E-05,0.000000E+00,0.000000E+00,2.315105E-05,8.816878E-01,2.315105E-05,0.000000E+00,0.000000E+00,3.468652E-05,1.812462E+00,2.315105E-05,0.000000E+00,0.000000E+00
16:20:00,2.315105E-05,1.867596E-01,1.281555E-04,2.468934E+00,4.162452E+00,2.315105E-05,3.123827E-01,1.234053E-04,1.707795E+00,4.578808E+00,2.315105E-05,2.356130E-01,1.263496E-04,2.167521E+00,8.182475E+00,2.315105E-05,2.449184E-01,1.260719E-04,2.112082E+00,4.962485E+00,2.315105E-05,1.246925E+00,2.315105E-05,0.000000E+00,0.000000E+00,2.315105E-05,8.816878E-01,2.315105E-05,0.000000E+00,0.000000E+00,3.451507E-05,1.803504E+00,2.315105E-05,0.000000E+00,0.000000E+00
16:30:00,2.315105E-05,1.893651E-01,1.281716E-04,2.454819E+00,4.148188E+00,2.315105E-05,3.149882E-01,1.233822E-04,1.693590E+00,4.563617E+00,2.315105E-05,2.382185E-01,1.263542E-04,2.153378E+00,8.109420E+00,2.315105E-05,2.475240E-01,1.260695E-04,2.097854E+00,4.947752E+00,2.315105E-05,1.246925E+00,2.315105E-05,0.000000E+00,0.000000E+00,2.315105E-05,8.816878E-01,2.315105E-05,0.000000E+00,0.000000E+00,3.429285E-05,1.791892E+00,2.315105E-05,0.000000E+00,0.000000E+00
16:40:00,2.315105E-05,1.919706E-01,1.281883E-04,2.440713E+00,4.133943E+00,2.315105E-05,3.175937E-01,1.233605E-04,1.679408E+00,4.548479E+00,2.315105E-05,2.408241E-01,1.263595E-04,2.139249E+00,8.036783E+00,2.315105E-05,2.501295E-01,1.260681E-04,2.083643E+00,4.933057E+00,2.315105E-05,1.246925E+00,2.315105E-05,0.000000E+00,0.000000E+00,2.315105E-05,8.816878E-01,2.315105E-05,0.000000E+00,0.000000E+00,3.297117E-05,1.722831E+00,2.315105E-05,0.000000E+00,0.000000E+00
16:50:00,2.315105E-05,1.945762E-01,1.282057E-04,2.426615E+00,4.119713E+00,2.315105E-05,3.201992E-01,1.233399E-04,1.665246E+00,4.533389E+00,2.315105E-05,2.434296E-01,1.263656E-04,2.125131E+00,7.964552E+00,2.315105E-05,2.527350E-01,1.260676E-04,2.069446E+00,4.918396E+00,2.315105E-05,1.246925E+00,2.315105E-05,0.000000E+00,0.000000E+00,2.315105E-05,8.816878E-01,2.315105E-05,0.000000E+00,0.000000E+00,3.247887E-05,1.697107E+00,2.315105E-05,0.000000E+00,0.000000E+00
17:00:00,2.315105E-05,1.971817E-01,1.282234E-04,2.412520E+00,4.105491E+00,2.315105E-05,3.228047E-01,1.233203E-04,1.651103E+00,4.518341E+00,2.315105E-05,2.460351E-01,1.263724E-04,2.111021E+00,7.892716E+00,2.315105E-05,2.553405E-01,1.260678E-04,2.055262E+00,4.903763E+00,2.315105E-05,1.246925E+00,2.315105E-05,0.000000E+00,0.000000E+00,2.315105E-05,8.816878E-01,2.315105E-05,0.000000E+00,0.000000E+00,3.227768E-05,1.686594E+00,2.315105E-05,0.000000E+00,0.000000E+00
17:10:00,2.315105E-05,2.004386E-01,1.282415E-04,2.394819E+00,4.087576E+00,2.315105E-05,3.260616E-01,1.233016E-04,1.633507E+00,4.499747E+00,2.315105E-05,2.492920E-01,1.263796E-04,2.093363E+00,7.803344E+00,2.315105E-05,2.585974E-01,1.260686E-04,2.037539E+00,4.885493E+00,2.315105E-05,1.246925E+00,2.315105E-05,0.000000E+00,0.000000E+00,2.315105E-05,8.816878E-01,2.315105E-05,0.000000E+00,0.000000E+00,2.998954E-05,1.567033E+00,2.315105E-05,0.000000E+00,0.000000E+00
17:20:00,2.315105E-05,2.036955E-01,1.282597E-04,2.377115E+00,4.069661E+00,2.315105E-05,3.293185E-01,1.232836E-04,1.615925E+00,4.481185E+00,2.315105E-05,2.525489E-01,1.263871E-04,2.075707E+00,7.714543E+00,2.315105E-05,2.618543E-01,1.260698E-04,2.019823E+00,4.867240E+00,2.315105E-05,1.246925E+00,2.315105E-05,0.000000E+00,0.000000E+00,2.315105E-05,8.816878E-01,2.315105E-05,0.000000E+00,0.000000E+00,2.318533E-05,1.211495E+00,2.315105E-05,0.000000E+00,0.000000E+00
17:30:00,2.315105E-05,2.069524E-01,1.282779E-04,2.359407E+00,4.051742E+00,2.315105E-05,3.325754E-01,1.232663E-04,1.598356E+00,4.462650E+00,2.315105E-05,2.558058E-01,1.263949E-04,2.058053E+00,7.626300E+00,2.315105E-05,2.651112E-01,1.260713E-04,2.002112E+00,4.848997E+00,2.315105E-05,1.246925E+00,2.315105E-05,0.000000E+00,0.000000E+00,2.315105E-05,8.816878E-01,2.315105E-05,0.000000E+00,0.000000E+00,2.315105E-05,1.209704E+00,2.315105E-05,0.000000E+00,0.000000E+00
17:40:00,2.315105E-05,2.102093E-01,1.282960E-04,2.341691E+00,4.033814E+00,2.315105E-05,3.358323E-01,1.232493E-04,1.580797E+00,4.444135E+00,2.315105E-05,2.590627E-01,1.264026E-04,2.040398E+00,7.538602E+00,2.315105E-05,2.683681E-01,1.260730E-04,1.984402E+00,4.830760E+00,2.315105E-05,1.246925E+00,2.315105E-05,0.000000E+00,0.000000E+00,2.315105E-05,8.816878E-01,2.315105E-05,0.000000E+00,0.000000E+00,2.315105E-05,1.209704E+00,2.315105E-05,0.000000E+00,0.000000E+00
17:50:00,2.315105E-05,2.134661E-01,1.283138E-04,2.323965E+00,4.015871E+00,2.315105E-05,3.390892E-01,1.232326E-04,1.563247E+00,4.425636E+00,2.315105E-05,2.623196E-01,1.264103E-04,2.022738E+00,7.451436E+00,2.315105E-05,2.716250E-01,1.260747E-04,1.966692E+00,4.812522E+00,2.315105E-05,1.246925E+00,2.315105E-05,0.000000E+00,0.000000E+00,2.315105E-05,8.816878E-01,2.315105E-05,0.000000E+00,0.000000E+00,2.315105E-05,1.209704E+00,2.315105E-05,0.000000E+00,0.000000E+00
18:00:00,2.315105E-05,2.167230E-01,1.283313E-04,2.306227E+00,3.997911E+00,2.315105E-05,3.423461E-01,1.232161E-04,1.545704E+00,4.407146E+00,2.315105E-05,2.655765E-01,1.264178E-04,2.005073E+00,7.364790E+00,2.315105E-05,2.748819E-01,1.260762E-04,1.948979E+00,4.794278E+00,2.315105E-05,1.246925E+00,2.315105E-05,0.000000E+00,0.000000E+00,2.315105E-05,8.816878E-01,2.315105E-05,0.000000E+00,0.000000E+00,2.315105E-05,1.209704E+00,2.315105E-05,0.000000E+00,0.000000E+00
18:10:00,2.315105E-05,2.216084E-01,1.283468E-04,2.279422E+00,3.970633E+00,2.315105E-05,3.472314E-01,1.231982E-04,1.519481E+00,4.379663E+00,2.315105E-05,2.704618E-01,1.264235E-04,1.978485E+00,7.235499E+00,2.315105E-05,2.797672E-01,1.260760E-04,1.922372E+00,4.766820E+00,2.315105E-05,1.246925E+00,2.315105E-05,0.000000E+00,0.000000E+00,2.315105E-05,8.816878E-01,2.315105E-05,0.000000E+00,0.000000E+00,2.315105E-05,1.209704E+00,2.315105E-05,0.000000E+00,0.000000E+00
18:20:00,2.315105E-05,2.264937E-01,1.283602E-04,2.252574E+00,3.943283E+00,2.315105E-05,3.521168E-01,1.231786E-04,1.493247E+00,4.352134E+00,2.315105E-05,2.753471E-01,1.264272E-04,1.951865E+00,7.107292E+00,2.315105E-05,2.846525E-01,1.260740E-04,1.895738E+00,4.739291E+00,2.315105E-05,1.246925E+00,2.315105E-05,0.000000E+00,0.000000E+00,2.315105E-05,8.816878E-01,2.315105E-05,0.000000E+00,0.000000E+00,2.315105E-05,1.209704E+00,2.315105E-05,0.000000E+00,0.000000E+00
18:30:00,2.315105E-05,2.313791E-01,1.283714E-04,2.225682E+00,3.915860E+00,2.315105E-05,3.570021E-01,1.231574E-04,1.467001E+00,4.324551E+00,2.315105E-05,2.802325E-01,1.264289E-04,1.925212E+00,6.980152E+00,2.315105E-05,2.895379E-01,1.260700E-04,1.869075E+00,4.711690E+00,3.767537E-05,2.029212E+00,2.315105E-05,0.000000E+00,0.000000E+00,2.935790E-05,1.118070E+00,2.315105E-05,0.000000E+00,0.000000E+00,3.219344E-05,1.682192E+00,2.315105E-05,0.000000E+00,0.000000E+00
18:40:00,2.315105E-05,2.362644E-01,1.283803E-04,2.198745E+00,3.888363E+00,2.315105E-05,3.618875E-01,1.231343E-04,1.440742E+00,4.296912E+00,2.315105E-05,2.851178E-01,1.264284E-04,1.898525E+00,6.854065E+00,2.315105E-05,2.944232E-01,1.260639E-04,1.842382E+00,4.684013E+00,5.248184E-05,2.826694E+00,2.315105E-05,0.000000E+00,0.000000E+00,4.529580E-05,1.725052E+00,2.315105E-05,0.000000E+00,0.000000E+00,4.494617E-05,2.348556E+00,2.315105E-05,0.000000E+00,0.000000E+00
18:50:00,2.315105E-05,2.411497E-01,1.283867E-04,2.171763E+00,3.860786E+00,2.315105E-05,3.667728E-01,1.231092E-04,1.414469E+00,4.269217E+00,2.315105E-05,2.900032E-01,1.264255E-04,1.871803E+00,6.729018E+00,2.315105E-05,2.993086E-01,1.260556E-04,1.815660E+00,4.656254E+00,6.662207E-05,3.588292E+00,2.315105E-05,0.000000E+00,0.000000E+00,6.028990E-05,2.296089E+00,2.315105E-05,0.000000E+00,0.000000E+00,5.723356E-05,2.990605E+00,2.315105E-05,0.000000E+00,0.000000E+00
19:00:00,2.315105E-05,2.460351E-01,1.283906E-04,2.144735E+00,3.833131E+00,2.315105E-05,3.716582E-01,1.230820E-04,1.388184E+00,4.241457E+00,2.315105E-05,2.948885E-01,1.264201E-04,1.845047E+00,6.604998E+00,2.315105E-05,3.041939E-01,1.260449E-04,1.788908E+00,4.628414E+00,8.027883E-05,4.323852E+00,2.315105E-05,0.000000E+00,0.000000E+00,7.450351E-05,2.837402E+00,2.315105E-05,0.000000E+00,0.000000E+00,6.919245E-05,3.615489E+00,2.315105E-05,0.000000E+00,0.000000E+00
19:10:00,2.315105E-05,2.496177E-01,1.283957E-04,2.124952E+00,3.812918E+00,2.315105E-05,3.752407E-01,1.230567E-04,1.368857E+00,4.220928E+00,2.315105E-05,2.984711E-01,1.264163E-04,1.825429E+00,6.514787E+00,2.315105E-05,3.077765E-01,1.260359E-04,1.769276E+00,4.607955E+00,8.536141E-05,4.597602E+00,2.315105E-05,0.000000E+00,0.000000E+00,8.356388E-05,3.182459E+00,2.315105E-05,0.000000E+00,0.000000E+00,7.368550E-05,3.850262E+00,2.315105E-05,0.000000E+00,0.000000E+00
19:20:00,2.315105E-05,2.532003E-01,1.284022E-04,2.105190E+00,3.792744E+00,2.315105E-05,3.788233E-01,1.230334E-04,1.349558E+00,4.200470E+00,2.315105E-05,3.020537E-01,1.264140E-04,1.805833E+00,6.425265E+00,2.315105E-05,3.113591E-01,1.260284E-04,1.749668E+00,4.587559E+00,8.464665E-05,4.559104E+00,2.315105E-05,0.000000E+00,0.000000E+00,8.907907E-05,3.392500E+00,2.315105E-05,0.000000E+00,0.000000E+00,7.365431E-05,3.848633E+00,2.315105E-05,0.000000E+00,0.000000E+00
19:30:00,2.315105E-05,2.567828E-01,1.284099E-04,2.085444E+00,3.772602E+00,2.315105E-05,3.824059E-01,1.230118E-04,1.330286E+00,4.180083E+00,2.315105E-05,3.056363E-01,1.264131E-04,1.786258E+00,6.336419E+00,2.315105E-05,3.149417E-01,1.260224E-04,1.730083E+00,4.567216E+00,8.134136E-05,4.381080E+00,2.315105E-05,0.000000E+00,0.000000E+00,8.437189E-05,3.213231E+00,2.315105E-05,0.000000E+00,0.000000E+00,7.135472E-05,3.728473E+00,2.315105E-05,0.000000E+00,0.000000E+00
19:40:00,2.315105E-05,2.603654E-01,1.284187E-04,2.065715E+00,3.752492E+00,2.315105E-05,3.859885E-01,1.229920E-04,1.311038E+00,4.159758E+00,2.315105E-05,3.092188E-01,1.264136E-04,1.766703E+00,6.248240E+00,2.315105E-05,3.185242E-01,1.260178E-04,1.710519E+00,4.546929E+00,7.884189E-05,4.246457E+00,2.315105E-05,0.000000E+00,0.000000E+00,8.058681E-05,3.069079E+00,2.315105E-05,0.000000E+00,0.000000E+00,6.963580E-05,3.638655E+00,2.315105E-05,0.000000E+00,0.000000E+00
19:50:00,2.315105E-05,2.639480E-01,1.284286E-04,2.046000E+00,3.732408E+00,2.315105E-05,3.895711E-01,1.229739E-04,1.291815E+00,4.139499E+00,2.315105E-05,3.128014E-01,1.264155E-04,1.747166E+00,6.160717E+00,2.315105E-05,3.221068E-01,1.260146E-04,1.690975E+00,4.526689E+00,7.675776E-05,4.134205E+00,2.315105E-05,0.000000E+00,0.000000E+00,7.736150E-05,2.946246E+00,2.315105E-05,0.000000E+00,0.000000E+00,6.820606E-05,3.563947E+00,2.315105E-05,0.000000E+00,0.000000E+00
20:00:00,2.315105E-05,2.675306E-01,1.284395E-04,2.026298E+00,3.712353E+00,2.315105E-05,3.931537E-01,1.229573E-04,1.272614E+00,4.119296E+00,2.315105E-05,3.163840E-01,1.264185E-04,1.727645E+00,6.073839E+00,2.315105E-05,3.256894E-01,1.260127E-04,1.671449E+00,4.506498E+00,7.493092E-05,4.035811E+00,2.315105E-05,0.000000E+00,0.000000E+00,7.456931E-05,2.839908E+00,2.315105E-05,0.000000E+00,0.000000E+00,6.347708E-05,3.316845E+00,2.315105E-05,0.000000E+00,0.000000E+00
20:10:00,2.315105E-05,2.704618E-01,1.284505E-04,2.010208E+00,3.695999E+00,2.315105E-05,3.960849E-01,1.229413E-04,1.256882E+00,4.102691E+00,2.315105E-05,3.193152E-01,1.264219E-04,1.711685E+00,6.003228E+00,2.315105E-05,3.286206E-01,1.260110E-04,1.655472E+00,4.489976E+00,7.330402E-05,3.948185E+00,2.315105E-05,0.000000E+00,0.000000E+00,7.208270E-05,2.745208E+00,2.315105E-05,0.000000E+00,0.000000E+00,5.822999E-05,3.042671E+00,2.315105E-05,0.000000E+00,0.000000E+00
20:20:00,2.315105E-05,2.733930E-01,1.284615E-04,1.994115E+00,3.679642E+00,2.315105E-05,3.990161E-01,1.229259E-04,1.241161E+00,4.086107E+00,2.315105E-05,3.222464E-01,1.264255E-04,1.695726E+00,5.933011E+00,2.315105E-05,3.315518E-01,1.260096E-04,1.639500E+00,4.473462E+00,7.184440E-05,3.869570E+00,2.315105E-05,0.000000E+00,0.000000E+00,6.984665E-05,2.660050E+00,2.315105E-05,0.000000E+00,0.000000E+00,5.218511E-05,2.726810E+00,2.315105E-05,0.000000E+00,0.000000E+00
20:30:00,2.315105E-05,2.763242E-01,1.284724E-04,1.978018E+00,3.663283E+00,2.315105E-05,4.019473E-01,1.229110E-04,1.225448E+00,4.042951E+00,2.315105E-05,3.251776E-01,1.264292E-04,1.679769E+00,5.863182E+00,2.315105E-05,3.344830E-01,1.260084E-04,1.623530E+00,4.456958E+00,7.052833E-05,3.798685E+00,2.315105E-05,0.000000E+00,0.000000E+00,6.437271E-05,2.451579E+00,2.315105E-05,0.000000E+00,0.000000E+00,4.669692E-05,2.440038E+00,2.315105E-05,0.000000E+00,0.000000E+00
20:40:00,2.315105E-05,2.792554E-01,1.284832E-04,1.961918E+00,3.646916E+00,2.315105E-05,4.048785E-01,1.228964E-04,1.209743E+00,3.983706E+00,2.315105E-05,3.281088E-01,1.264330E-04,1.663811E+00,5.793736E+00,2.315105E-05,3.374142E-01,1.260074E-04,1.607563E+00,4.440458E+00,6.933687E-05,3.734513E+00,2.315105E-05,0.000000E+00,0.000000E+00,5.850410E-05,2.228078E+00,2.315105E-05,0.000000E+00,0.000000E+00,4.120526E-05,2.153084E+00,2.315105E-05,0.000000E+00,0.000000E+00
20:50:00,2.315105E-05,2.821866E-01,1.284939E-04,1.945811E+00,3.630543E+00,2.315105E-05,4.078097E-01,1.228822E-04,1.194044E+00,3.924795E+00,2.315105E-05,3.310400E-01,1.264368E-04,1.647853E+00,5.724665E+00,2.315105E-05,3.403454E-01,1.260064E-04,1.591596E+00,4.423961E+00,6.825416E-05,3.676198E+00,2.315105E-05,0.000000E+00,0.000000E+00,5.171518E-05,1.969528E+00,2.315105E-05,0.000000E+00,0.000000E+00,3.618468E-05,1.890745E+00,2.315105E-05,0.000000E+00,0.000000E+00
21:00:00,2.315105E-05,2.851178E-01,1.285043E-04,1.929699E+00,3.614159E+00,2.315105E-05,4.107409E-01,1.228682E-04,1.178352E+00,3.866214E+00,2.315105E-05,3.339712E-01,1.264406E-04,1.631893E+00,5.655965E+00,2.315105E-05,3.432766E-01,1.260054E-04,1.575630E+00,4.407463E+00,6.726657E-05,3.623006E+00,2.315105E-05,0.000000E+00,0.000000E+00,4.628701E-05,1.762801E+00,2.315105E-05,0.000000E+00,0.000000E+00,3.451017E-05,1.803248E+00,2.315105E-05,0.000000E+00,0.000000E+00
21:10:00,2.315105E-05,2.880490E-01,1.285135E-04,1.913566E+00,3.597741E+00,2.315105E-05,4.136721E-01,1.228534E-04,1.162655E+00,3.807928E+00,2.315105E-05,3.369024E-01,1.264433E-04,1.615919E+00,5.587590E+00,2.315105E-05,3.462078E-01,1.260034E-04,1.559651E+00,4.390933E+00,6.289080E-05,3.387325E+00,2.315105E-05,0.000000E+00,0.000000E+00,4.226017E-05,1.609442E+00,2.315105E-05,0.000000E+00,0.000000E+00,3.916288E-05,2.046364E+00,2.315105E-05,0.000000E+00,0.000000E+00
21:20:00,2.315105E-05,2.909802E-01,1.285215E-04,1.897412E+00,3.581282E+00,2.315105E-05,4.166033E-01,1.228378E-04,1.146954E+00,3.749932E+00,2.315105E-05,3.398336E-01,1.264449E-04,1.599930E+00,5.519535E+00,2.315105E-05,3.491391E-01,1.260004E-04,1.543660E+00,4.374363E+00,5.792302E-05,3.119758E+00,2.315105E-05,0.000000E+00,0.000000E+00,3.841125E-05,1.462859E+00,2.315105E-05,0.000000E+00,0.000000E+00,4.456095E-05,2.328427E+00,2.315105E-05,0.000000E+00,0.000000E+00
21:30:00,2.315105E-05,2.939114E-01,1.285280E-04,1.881235E+00,3.564785E+00,2.315105E-05,4.195345E-01,1.228210E-04,1.131247E+00,3.692221E+00,2.315105E-05,3.427648E-01,1.264452E-04,1.583925E+00,5.451795E+00,2.315105E-05,3.520703E-01,1.259962E-04,1.527656E+00,4.357757E+00,5.019563E-05,2.703558E+00,2.315105E-05,0.000000E+00,0.000000E+00,3.663245E-05,1.395115E+00,2.315105E-05,0.000000E+00,0.000000E+00,4.599901E-05,2.403570E+00,2.315105E-05,0.000000E+00,0.000000E+00
21:40:00,2.315105E-05,2.968426E-01,1.285331E-04,1.865036E+00,3.548244E+00,2.315105E-05,4.224657E-01,1.228031E-04,1.115534E+00,3.634791E+00,2.315105E-05,3.456961E-01,1.264443E-04,1.567903E+00,5.384367E+00,2.315105E-05,3.550015E-01,1.259907E-04,1.511638E+00,4.341107E+00,4.599808E-05,2.477476E+00,2.315105E-05,0.000000E+00,0.000000E+00,3.550841E-05,1.352307E+00,2.315105E-05,0.000000E+00,0.000000E+00,4.682936E-05,2.446958E+00,2.315105E-05,0.000000E+00,0.000000E+00
21:50:00,2.315105E-05,2.997738E-01,1.285367E-04,1.848814E+00,3.531663E+00,2.315105E-05,4.253969E-01,1.227841E-04,1.099815E+00,3.577643E+00,2.315105E-05,3.486273E-01,1.264415E-04,1.551859E+00,5.317228E+00,2.315105E-05,3.579327E-01,1.259836E-04,1.495602E+00,4.324403E+00,4.654978E-05,2.507191E+00,2.315105E-05,0.000000E+00,0.000000E+00,3.751869E-05,1.428867E+00,2.315105E-05,0.000000E+00,0.000000E+00,4.627603E-05,2.418045E+00,2.315105E-05,0.000000E+00,0.000000E+00
22:00:00,2.315105E-05,3.027050E-01,1.285382E-04,1.832560E+00,3.515020E+00,2.315105E-05,4.283281E-01,1.227639E-04,1.084091E+00,3.520775E+00,2.315105E-05,3.515585E-01,1.264368E-04,1.535794E+00,5.250377E+00,2.315105E-05,3.608639E-01,1.259748E-04,1.479548E+00,4.307643E+00,4.686772E-05,2.524315E+00,2.315105E-05,0.000000E+00,0.000000E+00,3.676272E-05,1.400077E+00,2.315105E-05,0.000000E+00,0.000000E+00,4.638551E-05,2.423766E+00,2.315105E-05,0.000000E+00,0.000000E+00
22:10:00,2.315105E-05,3.049849E-01,1.266037E-04,1.792513E+00,3.449340E+00,2.315105E-05,4.306079E-01,1.138345E-04,9.940282E-01,3.224287E+00,2.315105E-05,3.538383E-01,1.242888E-04,1.497463E+00,5.110462E+00,2.315105E-05,3.631437E-01,1.237830E-04,1.441615E+00,4.220116E+00,5.058165E-05,2.724349E+00,2.315105E-05,0.000000E+00,0.000000E+00,3.474754E-05,1.323330E+00,2.315105E-05,0.000000E+00,0.000000E+00,4.072032E-05,2.127745E+00,2.315105E-05,0.000000E+00,0.000000E+00
22:20:00,2.315105E-05,3.072647E-01,1.246047E-04,1.751940E+00,3.382300E+00,2.315105E-05,4.328878E-01,1.048903E-04,9.055963E-01,2.933874E+00,2.315105E-05,3.561181E-01,1.220772E-04,1.458796E+00,4.969923E+00,2.315105E-05,3.654235E-01,1.146767E-04,1.324268E+00,3.898004E+00,5.486194E-05,2.954887E+00,2.315105E-05,0.000000E+00,0.000000E+00,3.463139E-05,1.318907E+00,2.315105E-05,0.000000E+00,0.000000E+00,3.567727E-05,1.864232E+00,2.315105E-05,0.000000E+00,0.000000E+00
22:30:00,2.315105E-05,3.095445E-01,1.225597E-04,1.711119E+00,3.314418E+00,2.315105E-05,4.351676E-01,9.592521E-05,8.187475E-01,2.649344E+00,2.315105E-05,3.583979E-01,1.198240E-04,1.420070E+00,4.829706E+00,2.315105E-05,3.677034E-01,1.055099E-04,1.208020E+00,3.575690E+00,5.849720E-05,3.150684E+00,2.315105E-05,0.000000E+00,0.000000E+00,3.444201E-05,1.311694E+00,2.315105E-05,0.000000E+00,0.000000E+00,3.405173E-05,1.779293E+00,2.315105E-05,0.000000E+00,0.000000E+00
22:40:00,2.315105E-05,3.118244E-01,1.204768E-04,1.670173E+00,3.245928E+00,2.315105E-05,4.374474E-01,8.700018E-05,7.340025E-01,2.372342E+00,2.315105E-05,3.606778E-01,1.106628E-04,1.300601E+00,4.415859E+00,2.315105E-05,3.699832E-01,9.626205E-05,1.092659E+00,3.252503E+00,5.797892E-05,3.122769E+00,2.315105E-05,0.000000E+00,0.000000E+00,3.315525E-05,1.262689E+00,2.315105E-05,0.000000E+00,0.000000E+00,3.347621E-05,1.749221E+00,2.315105E-05,0.000000E+00,0.000000E+00
22:50:00,2.315105E-05,3.141042E-01,1.183599E-04,1.629171E+00,3.176945E+00,2.315105E-05,4.397272E-01,7.808086E-05,6.510629E-01,2.101863E+00,2.315105E-05,3.629576E-01,1.014415E-04,1.182234E+00,4.007189E+00,2.315105E-05,3.722630E-01,8.674873E-05,9.761320E-01,2.922252E+00,5.003488E-05,2.694900E+00,2.315105E-05,0.000000E+00,0.000000E+00,3.267339E-05,1.244338E+00,2.315105E-05,0.000000E+00,0.000000E+00,3.386305E-05,1.769434E+00,2.315105E-05,0.000000E+00,0.000000E+00
23:00:00,2.315105E-05,3.163840E-01,1.162116E-04,1.588156E+00,3.107552E+00,2.315105E-05,4.420071E-01,6.918023E-05,5.700341E-01,1.838208E+00,2.315105E-05,3.652374E-01,9.213441E-05,1.064694E+00,3.602723E+00,2.315105E-05,3.745428E-01,8.690943E-05,9.693818E-01,2.918834E+00,4.576062E-05,2.464686E+00,2.315105E-05,0.000000E+00,0.000000E+00,3.247660E-05,1.236844E+00,2.315105E-05,0.000000E+00,0.000000E+00,3.402820E-05,1.778064E+00,2.315105E-05,0.000000E+00,0.000000E+00
23:10:00,2.315105E-05,3.186638E-01,1.159673E-04,1.573398E+00,3.089313E+00,2.315105E-05,4.442869E-01,6.919697E-05,5.633577E-01,1.814685E+00,2.315105E-05,3.675172E-01,8.471487E-05,9.706120E-01,3.278890E+00,2.315105E-05,3.768227E-01,8.748589E-05,9.671962E-01,2.929304E+00,4.613287E-05,2.484736E+00,2.315105E-05,0.000000E+00,0.000000E+00,3.124088E-05,1.189782E+00,2.315105E-05,0.000000E+00,0.000000E+00,3.434114E-05,1.794416E+00,2.315105E-05,0.000000E+00,0.000000E+00
23:20:00,2.315105E-05,3.209437E-01,1.157567E-04,1.559142E+00,3.072020E+00,2.315105E-05,4.465667E-01,6.923808E-05,5.568742E-01,1.791879E+00,2.315105E-05,3.697971E-01,8.704061E-05,9.886875E-01,3.334419E+00,2.315105E-05,3.791025E-01,9.495986E-05,1.040473E+00,3.169907E+00,4.635299E-05,2.496591E+00,2.315105E-05,0.000000E+00,0.000000E+00,2.873601E-05,1.094386E+00,2.315105E-05,0.000000E+00,0.000000E+00,3.961336E-05,2.069903E+00,2.315105E-05,0.000000E+00,0.000000E+00
23:30:00,2.315105E-05,3.232235E-01,1.155627E-04,1.545149E+00,3.055206E+00,2.315105E-05,4.488465E-01,6.931064E-05,5.506323E-01,1.769943E+00,2.315105E-05,3.720769E-01,8.766822E-05,9.871832E-01,3.323870E+00,2.315105E-05,3.813823E-01,1.022852E-04,1.110664E+00,3.404043E+00,4.995200E-05,2.690436E+00,2.315105E-05,0.000000E+00,0.000000E+00,2.359918E-05,8.987544E-01,2.315105E-05,0.000000E+00,0.000000E+00,4.100069E-05,2.142394E+00,2.315105E-05,0.000000E+00,0.000000E+00
23:40:00,2.315105E-05,3.255033E-01,1.153782E-04,1.531320E+00,3.038682E+00,2.315105E-05,4.511264E-01,6.934810E-05,5.441008E-01,1.747169E+00,2.315105E-05,3.743567E-01,9.518736E-05,1.062478E+00,3.571550E+00,2.315105E-05,3.836621E-01,1.095902E-04,1.179193E+00,3.636017E+00,5.070841E-05,2.731176E+00,2.315105E-05,0.000000E+00,0.000000E+00,2.315105E-05,8.816878E-01,2.315105E-05,0.000000E+00,0.000000E+00,4.113254E-05,2.149284E+00,2.315105E-05,0.000000E+00,0.000000E+00
23:50:00,2.315105E-05,3.277831E-01,1.152001E-04,1.517612E+00,3.022363E+00,2.315105E-05,4.534062E-01,6.939138E-05,5.376069E-01,1.724609E+00,2.315105E-05,3.766365E-01,1.025602E-04,1.134674E+00,3.808058E+00,2.315105E-05,3.859420E-01,1.170836E-04,1.248293E+00,3.872739E+00,5.349637E-05,2.881337E+00,2.315105E-05,0.000000E+00,0.000000E+00,2.315105E-05,8.816878E-01,2.315105E-05,0.000000E+00,0.000000E+00,4.192843E-05,2.190871E+00,2.315105E-05,0.000000E+00,0.000000E+00
24:00:00,2.315105E-05,3.300630E-01,1.150273E-04,1.504007E+00,3.006217E+00,2.315105E-05,4.556860E-01,6.941806E-05,5.309776E-01,1.701708E+00,2.315105E-05,3.789164E-01,1.099194E-04,1.205269E+00,4.038473E+00,2.315105E-05,3.882218E-01,1.148357E-04,1.213018E+00,3.786716E+00,5.190617E-05,2.795688E+00,2.315105E-05,0.000000E+00,0.000000E+00,2.315105E-05,8.816878E-01,2.315105E-05,0.000000E+00,0.000000E+00,4.262574E-05,2.227307E+00,2.315105E-05,0.000000E+00,0.000000E+00
Coinc Peak   ,8.536141E-05,1.291117E-04,3.392500E+00,9.203682E-01
NonCoinc Peak,8.907907E-05,1.291117E-04,3.392500E+00,9.203682E-01
